UserId,fear,anger,sad,joy,surprise,disgust,trust,anticipation,positive,negative,#Emo_Categories,EmoVariance,gender
MrsCommodore,0.032258065,0.322580645,0.064516129,0.419354839,0.032258065,0,0.032258065,0.096774194,0.548387097,0.451612903,7,3.455782313,F
unicorn8001,0,0.333333333,0,0.666666667,0,0,0,0,0.666666667,0.333333333,2,1,F
Nichole73944019,0,0,0,1,0,0,0,0,1,0,1,0,F
scorsesie,0,0.2,0.2,0.4,0,0.2,0,0,0.4,0.6,4,2.1875,F
taralach,0,0.388888889,0.166666667,0.333333333,0,0,0,0.111111111,0.444444444,0.555555556,4,4.181818182,F
marrionne3,0,0.071428571,0.071428571,0.642857143,0,0.071428571,0.071428571,0.071428571,0.785714286,0.214285714,6,1.265306122,F
Tigridia24,0,0,0,1,0,0,0,0,1,0,1,0,F
sameoww,0,0,0.25,0.4375,0.0625,0,0.1875,0.0625,0.75,0.25,5,2.16,F
PGrasses,0,0,0,0.75,0,0,0.25,0,1,0,2,0,F
taeilregui,0,0,0.2,0.6,0,0,0,0.2,0.8,0.2,3,3.6875,F
_itsdaisyyyy,0,0,0,0.692307692,0,0,0,0.307692308,1,0,2,3,F
rosemfrench,0,0.333333333,0.266666667,0.2,0,0,0.133333333,0.066666667,0.4,0.6,5,3.9375,F
oddlyweirdo,0,0.666666667,0,0.333333333,0,0,0,0,0.333333333,0.666666667,2,0,F
torrenokimm,0,0.208333333,0.208333333,0.583333333,0,0,0,0,0.583333333,0.416666667,3,0.544378698,F
_b_e_t_h_a_n_,0,0.208333333,0.125,0.583333333,0,0.041666667,0,0.041666667,0.625,0.375,5,2.320987654,F
theMayaMoi,0,0.344827586,0.172413793,0.206896552,0.034482759,0,0.137931034,0.103448276,0.482758621,0.517241379,6,3.873263889,F
happytrailshike,0,0.066666667,0.133333333,0.666666667,0,0.066666667,0,0.066666667,0.733333333,0.266666667,5,2.984375,F
Talia_Franks,0.047619048,0.095238095,0.095238095,0.571428571,0,0,0.095238095,0.095238095,0.761904762,0.238095238,6,3.893333333,F
Jackstewart32,0,0,0,0.75,0,0,0,0.25,1,0,2,3.555555556,F
YshtolasWife,0.034482759,0.344827586,0.103448276,0.344827586,0.034482759,0.068965517,0.034482759,0.034482759,0.448275862,0.551724138,8,1.609375,F
ambzckear,0,0.137931034,0.16091954,0.402298851,0.011494253,0,0.091954023,0.195402299,0.701149425,0.298850575,6,4.027681661,F
mychaelaxx,0,0.153846154,0.076923077,0.692307692,0,0,0,0.076923077,0.769230769,0.230769231,4,0.41,F
immaangela,0,0.181818182,0.272727273,0.181818182,0.090909091,0.090909091,0.090909091,0.090909091,0.454545455,0.545454545,7,3.652892562,F
Itz_me_Twitchez,0,0.344827586,0.172413793,0.206896552,0.034482759,0,0.137931034,0.103448276,0.482758621,0.517241379,6,3.873263889,F
kdhminie,0.052631579,0.210526316,0.052631579,0.421052632,0,0,0.105263158,0.157894737,0.684210526,0.315789474,6,4.494897959,F
Lina_shingetsu,0,0.125,0.125,0.625,0,0,0,0.125,0.75,0.25,4,0,F
sayantani8,0.025641026,0.102564103,0.153846154,0.307692308,0,0,0.076923077,0.333333333,0.717948718,0.282051282,6,5.991735537,F
kaygeetk_,0,0,0.142857143,0.571428571,0,0,0,0.285714286,0.857142857,0.142857143,3,4.138888889,F
UloveKaciexo,0,0.344827586,0.172413793,0.206896552,0.034482759,0,0.137931034,0.103448276,0.482758621,0.517241379,6,3.873263889,F
Stxrrysky,0,0.212121212,0.121212121,0.393939394,0,0.03030303,0,0.242424242,0.636363636,0.363636364,5,4.936288089,F
Pampam_NJ_girl3,0,0.344827586,0.172413793,0.206896552,0.034482759,0,0.137931034,0.103448276,0.482758621,0.517241379,6,3.873263889,F
bennylabelle,0,0,0.125,0.5,0.125,0,0.125,0.125,0.875,0.125,5,0,F
amirrolle,0,0.3,0.3,0.4,0,0,0,0,0.4,0.6,3,0.69,F
PyoneThandarHl6,0,0,0,0.052631579,0,0,0.947368421,0,1,0,2,0,F
ZyanNumb,0.083333333,0.166666667,0.166666667,0.5,0,0,0.083333333,0,0.538461538,0.461538462,5,0.888888889,F
dearjeon13,0,0.333333333,0.333333333,0.333333333,0,0,0,0,0.333333333,0.666666667,3,0.666666667,F
xtrememetabolic,0.057142857,0.2,0.028571429,0.428571429,0.028571429,0.028571429,0.085714286,0.142857143,0.705882353,0.294117647,8,3.30859375,F
SheScreamBeauty,0,0.346153846,0.153846154,0.269230769,0.038461538,0,0.153846154,0.038461538,0.5,0.5,6,3.274102079,F
daerxscrrn,0,0.4375,0,0.4375,0,0.0625,0,0.0625,0.5,0.5,4,0.979591837,F
Malarndirri19,0,0.170731707,0.048780488,0.43902439,0,0,0.170731707,0.170731707,0.780487805,0.219512195,5,3.633136095,F
lallainashslay,0,0.4,0,0.2,0,0,0.2,0.2,0.6,0.4,4,0,F
heonidan,0.090909091,0.181818182,0.272727273,0.363636364,0,0,0.090909091,0,0.454545455,0.545454545,5,3.5,F
BlueMaestroBaby,0.029850746,0.119402985,0.104477612,0.52238806,0.014925373,0.029850746,0.134328358,0.044776119,0.720588235,0.279411765,8,3.116071429,F
hniicole,0,0.285714286,0.19047619,0.214285714,0.023809524,0.142857143,0.071428571,0.071428571,0.365853659,0.634146341,7,3.4,F
PaeelahaOleBby,0,0.454545455,0.181818182,0.272727273,0,0,0,0.090909091,0.363636364,0.636363636,4,2.925619835,F
fuegodjh,0,0.19047619,0.238095238,0.476190476,0,0,0.047619048,0.047619048,0.571428571,0.428571429,5,0.69,F
angela_robledo,0,0,0.25,0.5,0,0.25,0,0,0.5,0.5,3,0,F
JustHoneeyy,0,0.227272727,0.136363636,0.363636364,0.045454545,0,0.136363636,0.090909091,0.652173913,0.347826087,6,3.02734375,F
wxyzalicia,0,0.205882353,0.205882353,0.470588235,0,0,0.029411765,0.088235294,0.588235294,0.411764706,5,3.538461538,F
SeductiveShawna,0,0.387096774,0.129032258,0.225806452,0.032258065,0,0.129032258,0.096774194,0.483870968,0.516129032,6,4,F
MrsSexyMocha,0,0.28,0.16,0.28,0.04,0,0.16,0.08,0.56,0.44,6,3.81852552,F
Nisha__Renee,0,0.344827586,0.172413793,0.206896552,0.034482759,0,0.137931034,0.103448276,0.482758621,0.517241379,6,3.873263889,F
nairapark,0.015873016,0.619047619,0.158730159,0.174603175,0,0,0.015873016,0.015873016,0.206349206,0.793650794,6,1.965973535,F
JokeUntranslatd,0.027027027,0.162162162,0.378378378,0.324324324,0,0,0.081081081,0.027027027,0.432432432,0.567567568,6,2.15,F
manager0616,0,0,0,0.875,0.125,0,0,0,1,0,2,0,F
KimMorganPR,0,0.125,0,0.625,0,0,0.125,0.125,0.875,0.125,4,4.138888889,F
destinedkdk,0,0.0625,0,0.75,0.0625,0,0.125,0,0.9375,0.0625,4,1.6875,F
Boom_BoomMoon,0,0.125,0.125,0.5,0.025,0,0.05,0.175,0.75,0.25,6,3.209829868,F
SRunsewe,0.133333333,0,0,0.533333333,0.066666667,0,0.066666667,0.2,0.928571429,0.071428571,5,4.96,F
desieraemariah,0.045454545,0.409090909,0,0.227272727,0,0.136363636,0.090909091,0.090909091,0.409090909,0.590909091,6,5.466666667,F
maraznaelca555,0,0.210526316,0.052631579,0.631578947,0.105263158,0,0,0,0.736842105,0.263157895,4,0.56,F
emilyfromalice,0,0.125,0.125,0.5,0.125,0.125,0,0,0.625,0.375,5,0,F
hoemcoming,0,0.133333333,0,0.466666667,0.066666667,0,0.266666667,0.066666667,0.866666667,0.133333333,5,3.09,F
5courtneys_,0,0.105263158,0.105263158,0.526315789,0.052631579,0.052631579,0,0.157894737,0.736842105,0.263157895,6,2.89,F
Subjxct2oo4,0,0.238095238,0.238095238,0.285714286,0,0.19047619,0.047619048,0,0.333333333,0.666666667,5,2.437869822,F
milkiato,0,0.315789474,0,0.421052632,0,0.052631579,0.052631579,0.157894737,0.631578947,0.368421053,5,4.876033058,F
ashleyricher,0,0.133333333,0.033333333,0.566666667,0.033333333,0,0.1,0.133333333,0.833333333,0.166666667,6,2.49,F
RealQueenMo_,0,0.153846154,0.153846154,0.384615385,0.076923077,0.076923077,0.076923077,0.076923077,0.615384615,0.384615385,7,0.888888889,F
FilmMomatic,0,0,0.25,0.5,0.25,0,0,0,0.75,0.25,3,0.25,F
ali7649f,0.25,0.25,0.25,0,0,0,0.25,0,0.25,0.75,4,5.1875,F
mirandakalyn,0,0.285714286,0.285714286,0.285714286,0,0,0,0.142857143,0.428571429,0.571428571,4,3.632653061,F
Glamazon86,0,0.344827586,0.172413793,0.206896552,0.034482759,0,0.137931034,0.103448276,0.482758621,0.517241379,6,3.873263889,F
CarlaGreensmith,0.066666667,0.233333333,0.066666667,0.533333333,0.033333333,0,0,0.066666667,0.633333333,0.366666667,6,1.107438017,F
believer_ky,0.055555556,0.111111111,0.222222222,0.388888889,0,0,0.166666667,0.055555556,0.611111111,0.388888889,6,3.29,F
rolasann_,0,0,0,0.666666667,0.333333333,0,0,0,1,0,2,0.222222222,F
IreneSmothers1,0,0,0,1,0,0,0,0,1,0,1,0,F
axlyssxa,0,0.2,0,0.6,0,0,0,0.2,0.8,0.2,3,3.84,F
LeslieSouthall9,0,0.025974026,0,0.662337662,0.142857143,0,0.025974026,0.142857143,0.974025974,0.025974026,5,0,F
LadyNam_BM,0,0.181818182,0.090909091,0.363636364,0,0.090909091,0,0.272727273,0.636363636,0.363636364,5,4.984375,F
D_hostileDiva,0,0.344827586,0.172413793,0.206896552,0.034482759,0,0.137931034,0.103448276,0.482758621,0.517241379,6,3.873263889,F
chantellefabul,0.071428571,0.428571429,0.071428571,0.428571429,0,0,0,0,0.428571429,0.571428571,4,1.100591716,F
kc0ryz,0.166666667,0.166666667,0,0.5,0,0,0,0.166666667,0.666666667,0.333333333,4,4.805555556,F
tmillsfashion,0,0.235294118,0.117647059,0.352941176,0.029411765,0,0.147058824,0.117647059,0.647058824,0.352941176,6,3.55829904,F
sierrarandi,0,0.344827586,0.172413793,0.206896552,0.034482759,0,0.137931034,0.103448276,0.482758621,0.517241379,6,3.873263889,F
gaygodismanoban,0,0,0.142857143,0.428571429,0,0.142857143,0.142857143,0.142857143,0.714285714,0.285714286,5,0,F
MangSeokseok,0,0.469387755,0.020408163,0.255102041,0,0.214285714,0.010204082,0.030612245,0.295918367,0.704081633,6,3.84,F
sparklychungha,0,0.2,0.2,0.4,0,0,0.15,0.05,0.6,0.4,5,3.243055556,F
Prachiiiii_,0,0,0,0.75,0,0,0,0.25,1,0,2,3.555555556,F
woahokayy,0,0.444444444,0.111111111,0.333333333,0,0.111111111,0,0,0.333333333,0.666666667,4,1.734375,F
alwikolin,0,0,0,0,0,0,0,0,0,0,0,0,F
jungkookstardis,0,0,0,0.8,0.2,0,0,0,1,0,2,0,F
adsimulo,0,0.35483871,0.096774194,0.322580645,0,0,0.161290323,0.064516129,0.548387097,0.451612903,5,3.408163265,F
Baddonespeaking,0,0,0,1,0,0,0,0,1,0,1,0,F
rajahsym48,0,0.028571429,0.057142857,0.714285714,0.057142857,0,0.114285714,0.028571429,0.914285714,0.085714286,6,1.133786848,F
Epi2omeOfBeauty,0,0.344827586,0.172413793,0.206896552,0.034482759,0,0.137931034,0.103448276,0.482758621,0.517241379,6,3.873263889,F
njpeytonn,0,0.058823529,0,0.705882353,0.058823529,0.058823529,0.058823529,0.058823529,0.875,0.125,6,1.836734694,F
laurelaimaganaa,0,0,0,1,0,0,0,0,1,0,1,0,F
intoxicatedtho4,0,0,0,1,0,0,0,0,1,0,1,0,F
Meekvirgo,0,0.357142857,0.142857143,0.214285714,0.035714286,0,0.142857143,0.107142857,0.5,0.5,6,4,F
crypticheart_,0.052631579,0.026315789,0.105263158,0.526315789,0.026315789,0,0.078947368,0.184210526,0.815789474,0.184210526,7,2.49,F
gratefulmaggzzz,0,0.4,0,0.6,0,0,0,0,0.6,0.4,2,0.96,F
ReRe_20,0,0.344827586,0.172413793,0.206896552,0.034482759,0,0.137931034,0.103448276,0.482758621,0.517241379,6,3.873263889,F
mmrobertson001,0.048780488,0,0.097560976,0.707317073,0.12195122,0,0,0.024390244,0.853658537,0.146341463,5,0.728888889,F
Liasyves,0,0.2,0.04,0.44,0.04,0,0.08,0.2,0.76,0.24,6,3.775510204,F
sevvage,0.090909091,0.181818182,0.181818182,0.272727273,0,0.181818182,0,0.090909091,0.333333333,0.666666667,6,3,F
basedcassiel,0,0.25,0.25,0.125,0,0.125,0,0.25,0.375,0.625,5,4.64,F
ChelleBelle0524,0,0.318181818,0.272727273,0.318181818,0,0.045454545,0.045454545,0,0.363636364,0.636363636,5,0.666666667,F
Layzair86,0,0.344827586,0.172413793,0.206896552,0.034482759,0,0.137931034,0.103448276,0.482758621,0.517241379,6,3.873263889,F
preety_ugly_,0,0.625,0.25,0.125,0,0,0,0,0.125,0.875,3,1,F
laidanaerys,0,0.384615385,0.153846154,0.230769231,0.038461538,0,0.153846154,0.038461538,0.461538462,0.538461538,6,3.41020794,F
SimplyCheecky,0,0,0.5,0.5,0,0,0,0,0.5,0.5,2,0.25,F
coleofsilence,0,0.428571429,0.142857143,0,0,0.285714286,0,0.142857143,0.142857143,0.857142857,4,2.888888889,F
Mrsdonna1980,0,0.344827586,0.172413793,0.206896552,0.034482759,0,0.137931034,0.103448276,0.482758621,0.517241379,6,3.873263889,F
babsstahnke,0,0.086956522,0.217391304,0.391304348,0,0,0.130434783,0.173913043,0.695652174,0.304347826,5,1.555555556,F
SChowdhurie,0,0.4,0,0.2,0.4,0,0,0,0.6,0.4,3,1.555555556,F
felicitas_uy,0,0.375,0.125,0.5,0,0,0,0,0.5,0.5,3,0.6875,F
RanielBernal13,0,0.125,0.125,0.625,0,0,0.125,0,0.75,0.25,4,1.75,F
DavidOClayton,0,0,0,0.666666667,0,0,0.333333333,0,1,0,2,0,F
Optimistic_MiMi,0,0.047619048,0.095238095,0.666666667,0.047619048,0,0.047619048,0.095238095,0.857142857,0.142857143,6,2.236686391,F
Kim_NothinMore,0,0.346153846,0.192307692,0.230769231,0.038461538,0,0.153846154,0.038461538,0.461538462,0.538461538,6,3.300567108,F
Carlitos_Way6,0,0.344827586,0.172413793,0.206896552,0.034482759,0,0.137931034,0.103448276,0.482758621,0.517241379,6,3.873263889,F
FAIRYTAEKOO,0,0.444444444,0.166666667,0.277777778,0,0,0,0.111111111,0.388888889,0.611111111,4,0.734375,F
jhoyeng,0,0,0,1,0,0,0,0,1,0,1,0,F
Leratomaseko,0,0.071428571,0.071428571,0.428571429,0.071428571,0,0.142857143,0.214285714,0.857142857,0.142857143,6,5.265306122,F
staygoldengirlx,0,0.321428571,0.178571429,0.321428571,0.035714286,0,0.107142857,0.035714286,0.5,0.5,6,3.1424,F
fajlooli,0,0.142857143,0.071428571,0.571428571,0,0,0.071428571,0.142857143,0.785714286,0.214285714,5,3.222222222,F
TopBarFashion,0.0625,0.203125,0.203125,0.328125,0,0.046875,0.078125,0.078125,0.484375,0.515625,7,4.276041667,F
Maram44048666,0,0.157894737,0,0.578947368,0.052631579,0,0,0.210526316,0.842105263,0.157894737,4,3.638888889,F
Sharonmmorton,0,0,0,1,0,0,0,0,1,0,1,0,F
mamavirgo,0,0.344827586,0.172413793,0.206896552,0.034482759,0,0.137931034,0.103448276,0.482758621,0.517241379,6,3.873263889,F
tshepi_ramasia,0,0.333333333,0.277777778,0.277777778,0,0.055555556,0,0.055555556,0.333333333,0.666666667,5,1.555555556,F
elantrajasharii,0.1,0.2,0,0.3,0,0,0.2,0.2,0.7,0.3,5,5.04,F
shasiqahazhr,0,0.090909091,0.090909091,0.727272727,0,0,0.090909091,0,0.818181818,0.181818182,4,2,F
MachineGunnB_,0,0.344827586,0.172413793,0.206896552,0.034482759,0,0.137931034,0.103448276,0.482758621,0.517241379,6,3.873263889,F
sheeeekspeare,0,0.125,0,0.75,0,0,0.125,0,0.875,0.125,3,2.56,F
BabesLongBall,0,0.076923077,0.076923077,0.769230769,0.025641026,0,0.025641026,0.025641026,0.846153846,0.153846154,6,0,F
rdc4hillary,0,0.344827586,0.172413793,0.206896552,0.034482759,0,0.137931034,0.103448276,0.482758621,0.517241379,6,3.873263889,F
Asmaabahaa4,0,0,0,1,0,0,0,0,1,0,1,0,F
jingwrites,0,0.230769231,0.192307692,0.423076923,0.038461538,0,0,0.115384615,0.576923077,0.423076923,5,0.64,F
itsnot_aylin,0,0.583333333,0.083333333,0.166666667,0,0,0,0.166666667,0.333333333,0.666666667,4,6,F
thesungyeom,0,0.090909091,0.090909091,0.545454545,0.045454545,0,0.136363636,0.090909091,0.818181818,0.181818182,6,0.913580247,F
loumochi,0,0.333333333,0,0,0,0.333333333,0,0.333333333,0.333333333,0.666666667,3,6.222222222,F
TopBargainTips,0.022727273,0.238636364,0.215909091,0.363636364,0.011363636,0.011363636,0.102272727,0.034090909,0.511363636,0.488636364,8,1.860969388,F
Miriampearl83,0.066666667,0,0,0.6,0.133333333,0,0,0.2,0.933333333,0.066666667,4,6.1875,F
Shabbychic_Sare,0,0.074766355,0.130841121,0.682242991,0.028037383,0.009345794,0,0.074766355,0.785046729,0.214953271,6,0.595041322,F
friastrisha,0,0.384615385,0.153846154,0.307692308,0,0,0,0.153846154,0.461538462,0.538461538,4,0.8,F
PopsterCebu,0,0.106382979,0.063829787,0.531914894,0.085106383,0,0.063829787,0.14893617,0.829787234,0.170212766,6,2.32132964,F
ms5unshine,0,0.5,0,0.5,0,0,0,0,0.5,0.5,2,1,F
helencredman,0,0.217391304,0.304347826,0.304347826,0,0,0.043478261,0.130434783,0.47826087,0.52173913,5,3.654320988,F
SBAILEY81,0,0.344827586,0.172413793,0.206896552,0.034482759,0,0.137931034,0.103448276,0.482758621,0.517241379,6,3.873263889,F
JayneDixon_,0.04,0.2,0.2,0.36,0,0,0.08,0.12,0.56,0.44,6,3.633217993,F
sblume4,0,0.076923077,0.076923077,0.769230769,0,0,0,0.076923077,0.846153846,0.153846154,4,0.484375,F
ArtTomoe,0.307692308,0.307692308,0.230769231,0.153846154,0,0,0,0,0.153846154,0.846153846,4,1,F
lupmota,0,0.272727273,0.181818182,0.272727273,0,0.090909091,0.181818182,0,0.454545455,0.545454545,5,2.888888889,F
pilienjan,0,0.181818182,0.090909091,0.454545455,0,0,0,0.272727273,0.727272727,0.272727273,4,5.21,F
ZeffiGlambert,0,0.344827586,0.172413793,0.206896552,0.034482759,0,0.137931034,0.103448276,0.482758621,0.517241379,6,3.873263889,F
donna92,0,0,0.2,0.8,0,0,0,0,0.8,0.2,2,0.16,F
saylauryn,0,0.375,0.25,0.25,0,0,0,0.125,0.375,0.625,4,4.96,F
swiftiezen,0,0,0,0.5,0,0,0,0.5,1,0,2,4,F
namastechongg,0,0.1,0.2,0.4,0.1,0,0,0.2,0.7,0.3,5,2.555555556,F
duhhnobigdeal,0.043478261,0.304347826,0.173913043,0.260869565,0.043478261,0,0.130434783,0.043478261,0.47826087,0.52173913,7,3.859375,F
RuthCadbury,0,0.416666667,0.208333333,0.166666667,0,0,0.125,0.083333333,0.375,0.625,5,2.816326531,F
RosieMahoney18,0.071428571,0.107142857,0.214285714,0.428571429,0,0,0.035714286,0.142857143,0.607142857,0.392857143,6,0.64,F
TheDanielCraze,0,0.184210526,0.078947368,0.460526316,0.013157895,0,0.039473684,0.223684211,0.74025974,0.25974026,6,2.743801653,F
butterflieee,0,0,0,1,0,0,0,0,1,0,1,0,F
ryusei_purple,0,0.454545455,0.090909091,0.272727273,0,0,0.090909091,0.090909091,0.454545455,0.545454545,5,3.734375,F
galacteddy,0.047619048,0.238095238,0.142857143,0.428571429,0.095238095,0,0,0.047619048,0.571428571,0.428571429,6,1.50617284,F
1971AnitaMarie,0,0,0,0.666666667,0,0,0,0.333333333,1,0,2,3,F
cristinatmps,0,0.25,0,0.75,0,0,0,0,0.75,0.25,2,0.816326531,F
FreakyCupcakke,0,0.625,0.25,0.125,0,0,0,0,0.125,0.875,3,0.380165289,F
Maddians_Real,0,0.341463415,0.146341463,0.317073171,0,0,0.146341463,0.048780488,0.512195122,0.487804878,5,4.100591716,F
alittlewavyy,0,0.307692308,0.153846154,0.423076923,0.038461538,0.076923077,0,0,0.5,0.5,5,0.906666667,F
taehyungsrarity,0,0.315789474,0.157894737,0.210526316,0,0,0.157894737,0.157894737,0.526315789,0.473684211,5,5.633136095,F
himedork,0,0.157894737,0.263157895,0.526315789,0,0.052631579,0,0,0.526315789,0.473684211,4,0.859375,F
BOOTYFUL_DIVAH,0,0.333333333,0.148148148,0.296296296,0.037037037,0,0.148148148,0.037037037,0.518518519,0.481481481,6,3.138888889,F
enahzzzzzz1204,0,0.111111111,0.111111111,0.555555556,0.166666667,0,0,0.055555556,0.777777778,0.222222222,5,1.854166667,F
qlitterbug,0,0.315789474,0.105263158,0.473684211,0,0.052631579,0,0.052631579,0.526315789,0.473684211,5,1.234375,F
AleeraJulyen,0,0,0,0.666666667,0,0,0,0.333333333,1,0,2,0,F
joy_rolf,0,0.275862069,0.172413793,0.379310345,0,0.068965517,0.034482759,0.068965517,0.482758621,0.517241379,6,2.359861592,F
sha2Z,0,0.344827586,0.172413793,0.206896552,0.034482759,0,0.137931034,0.103448276,0.482758621,0.517241379,6,3.873263889,F
larivsel,0,0.5,0,0.5,0,0,0,0,0.5,0.5,2,1,F
SheilaMaeMoland,0,0.2,0.2,0.4,0,0,0.2,0,0.6,0.4,4,3.5,F
vigaz66,0,0.36,0.16,0.24,0.04,0,0.16,0.04,0.48,0.52,6,3.421487603,F
itsmoon_mr,0,0.111111111,0,0.611111111,0,0,0.055555556,0.222222222,0.888888889,0.111111111,4,3.9375,F
ayanashaya,0,0.454545455,0.090909091,0.363636364,0,0,0.090909091,0,0.454545455,0.545454545,4,2.24,F
MandyThe3litist,0,0.142857143,0.142857143,0.428571429,0,0,0.142857143,0.142857143,0.714285714,0.285714286,5,0.222222222,F
DSifnioti,0.057142857,0.285714286,0.114285714,0.257142857,0.028571429,0,0.114285714,0.142857143,0.558823529,0.441176471,7,4.04,F
wnrdy,0.027777778,0.138888889,0.083333333,0.527777778,0,0,0.138888889,0.083333333,0.75,0.25,6,4.344671202,F
ChefJasminRenee,0,0.333333333,0.151515152,0.181818182,0.03030303,0,0.121212121,0.181818182,0.515151515,0.484848485,6,4.472222222,F
fantaxsgurl,0,0.227272727,0.045454545,0.545454545,0,0,0,0.181818182,0.727272727,0.272727273,4,4.984375,F
peteyworld,0,0.285714286,0.142857143,0.428571429,0,0.142857143,0,0,0.428571429,0.571428571,4,1.673469388,F
sweetpeartea,0,0,0,1,0,0,0,0,1,0,1,0,F
2DMSEXY,0,0.344827586,0.172413793,0.206896552,0.034482759,0,0.137931034,0.103448276,0.482758621,0.517241379,6,3.873263889,F
misswilliams901f,0,0.428571429,0.095238095,0.238095238,0,0.142857143,0.047619048,0.047619048,0.333333333,0.666666667,6,3.135802469,F
janjannnz,0,0.090909091,0.181818182,0.545454545,0,0,0.090909091,0.090909091,0.75,0.25,5,3.135802469,F
alexaandraaxo,0,0.333333333,0,0.333333333,0,0,0,0.333333333,0.666666667,0.333333333,3,6.222222222,F
starlitekth,0,0.333333333,0.166666667,0.416666667,0,0,0,0.083333333,0.5,0.5,4,2.81,F
jerseycak,0,0.454545455,0,0.363636364,0,0,0.090909091,0.090909091,0.545454545,0.454545455,4,1,F
deadcatmom,0,0.076923077,0.307692308,0.461538462,0.076923077,0,0.076923077,0,0.615384615,0.384615385,5,1.69,F
MaggyMcmahon,0,0,0,1,0,0,0,0,1,0,1,0,F
sophiemilnerx,0,0.344827586,0.172413793,0.206896552,0.034482759,0,0.137931034,0.103448276,0.482758621,0.517241379,6,3.873263889,F
valoriedlazaro,0,0,0.181818182,0.727272727,0,0,0,0.090909091,0.818181818,0.181818182,3,1.950617284,F
lorisnaturalloc,0,0.315789474,0.157894737,0.315789474,0.052631579,0,0.105263158,0.052631579,0.526315789,0.473684211,6,3.218836565,F
Ms_T_Miles,0,0.344827586,0.172413793,0.206896552,0.034482759,0,0.137931034,0.103448276,0.482758621,0.517241379,6,3.873263889,F
lewisbiel_,0,0,0.111111111,0.666666667,0,0,0.111111111,0.111111111,0.888888889,0.111111111,4,0.16,F
PattTmbl,0,0.1,0.3,0.6,0,0,0,0,0.6,0.4,3,0.484375,F
_diyuhh,0,0.166666667,0.25,0.333333333,0,0,0.166666667,0.083333333,0.583333333,0.416666667,5,3.6875,F
BluKysses33,0,0.344827586,0.172413793,0.206896552,0.034482759,0,0.137931034,0.103448276,0.482758621,0.517241379,6,3.873263889,F
ebcdasu,0,0,0.5,0.5,0,0,0,0,0.5,0.5,2,0.25,F
_legaspicath,0,0.3125,0.25,0.3125,0.0625,0,0,0.0625,0.4375,0.5625,5,2.75,F
Aradelle1,0,0.333333333,0,0.666666667,0,0,0,0,0.666666667,0.333333333,2,1,F
konnitadw,0,0.333333333,0,0.666666667,0,0,0,0,0.666666667,0.333333333,2,0.888888889,F
cchhuurrlynn,0,0.407407407,0.148148148,0.37037037,0.074074074,0,0,0,0.444444444,0.555555556,4,1.229591837,F
memphissoul1041,0.029411765,0.117647059,0.117647059,0.617647059,0,0,0.029411765,0.088235294,0.735294118,0.264705882,6,3.603305785,F
savage__100,0,0.166666667,0.166666667,0.458333333,0,0.083333333,0.083333333,0.041666667,0.583333333,0.416666667,6,2.375,F
shayxo___,0,0.444444444,0.333333333,0.111111111,0,0.111111111,0,0,0.111111111,0.888888889,4,0.25,F
rtietjen,0,0.344827586,0.172413793,0.206896552,0.034482759,0,0.137931034,0.103448276,0.482758621,0.517241379,6,3.873263889,F
rmtakahashi2016,0,0.277777778,0.194444444,0.25,0.027777778,0.083333333,0.055555556,0.111111111,0.444444444,0.555555556,7,3.830246914,F
PEGULLOTTO,0,0.344827586,0.172413793,0.206896552,0.034482759,0,0.137931034,0.103448276,0.482758621,0.517241379,6,3.873263889,F
HowToTease,0,0.063829787,0.063829787,0.553191489,0,0,0.191489362,0.127659574,0.872340426,0.127659574,5,2.917159763,F
bythe100thpage,0.090909091,0.181818182,0.090909091,0.272727273,0,0,0,0.363636364,0.636363636,0.363636364,5,7.25,F
K0reanfeet,0,0.344827586,0.172413793,0.206896552,0.034482759,0,0.137931034,0.103448276,0.482758621,0.517241379,6,3.873263889,F
MoBeTTa55,0,0.344827586,0.172413793,0.206896552,0.034482759,0,0.137931034,0.103448276,0.482758621,0.517241379,6,3.873263889,F
BCopperthwait,0,0.230769231,0.076923077,0.692307692,0,0,0,0,0.692307692,0.307692308,3,0.734375,F
_deecubed,0,0.071428571,0.142857143,0.428571429,0,0,0,0.357142857,0.785714286,0.214285714,4,4.530612245,F
minicogsy666,0,0,0,0.572916667,0.208333333,0,0.1875,0.03125,1,0,4,1.580246914,F
CrystalPSI,0,0.344827586,0.172413793,0.206896552,0.034482759,0,0.137931034,0.103448276,0.482758621,0.517241379,6,3.873263889,F
Tetsuyaa_Kun,0.071428571,0.142857143,0.142857143,0.642857143,0,0,0,0,0.642857143,0.357142857,4,1.01,F
NashRes,0,0.64,0.16,0.08,0.04,0.04,0.04,0,0.16,0.84,6,3.138888889,F
chibleee,0,0.090909091,0,0.909090909,0,0,0,0,0.909090909,0.090909091,2,0,F
sweetfructose,0,0,0,0.5,0.5,0,0,0,1,0,2,0.25,F
Secrets0fMe,0,0.344827586,0.172413793,0.206896552,0.034482759,0,0.137931034,0.103448276,0.482758621,0.517241379,6,3.873263889,F
Smashings,0,0,0.25,0.75,0,0,0,0,0.75,0.25,2,0.1875,F
LeeKyle1999,0,0.1,0.1,0.6,0,0,0.1,0.1,0.8,0.2,5,0,F
divaontherise,0,0.344827586,0.172413793,0.206896552,0.034482759,0,0.137931034,0.103448276,0.482758621,0.517241379,6,3.873263889,F
yoshinoriis,0,0.214285714,0.214285714,0.357142857,0,0.071428571,0.071428571,0.071428571,0.5,0.5,6,2.333333333,F
Wubdor,0,0.511627907,0,0.302325581,0.023255814,0.093023256,0,0.069767442,0.395348837,0.604651163,5,3.950617284,F
hxxchi_,0,0,0,1,0,0,0,0,1,0,1,0,F
8Canicas,0,0.571428571,0.142857143,0.285714286,0,0,0,0,0.285714286,0.714285714,3,0,F
_monshot,0.037037037,0.148148148,0.111111111,0.518518519,0,0,0.111111111,0.074074074,0.703703704,0.296296296,6,4.262975779,F
AisReio,0,0,0,1,0,0,0,0,1,0,1,0,F
kittycat_dk,0.012345679,0.074074074,0.049382716,0.641975309,0,0,0.086419753,0.135802469,0.864197531,0.135802469,6,0,F
maisiemouse,0,0.125,0.25,0.5,0,0.125,0,0,0.5,0.5,4,0.1875,F
Merle37330811,0,0.285714286,0.428571429,0.142857143,0,0.142857143,0,0,0.142857143,0.857142857,4,2.16,F
younglneverdie,0,0,0,0,0,0,0,0,0,0,0,0,F
143Klf,0,0.083333333,0.138888889,0.611111111,0.027777778,0,0.027777778,0.111111111,0.777777778,0.222222222,6,2.339100346,F
_i_am_Shelly_,0,0.294117647,0.176470588,0.294117647,0.058823529,0,0.117647059,0.058823529,0.529411765,0.470588235,6,3.397923875,F
keannings,0,0.3,0.1,0.4,0,0,0,0.2,0.6,0.4,4,0.888888889,F
cha1283,0,0,0,0.977272727,0,0,0,0.022727273,1,0,2,0,F
brnskinsymphony,0,0.344827586,0.172413793,0.206896552,0.034482759,0,0.137931034,0.103448276,0.482758621,0.517241379,6,3.873263889,F
JoJoNewman,0,0.3125,0.1875,0.25,0.0625,0,0.125,0.0625,0.5,0.5,6,3.609375,F
chunghaXCX,0.076923077,0.230769231,0.153846154,0.307692308,0,0.076923077,0,0.153846154,0.461538462,0.538461538,6,4.172839506,F
merryjayholland,0,0.230769231,0.076923077,0.538461538,0,0,0.076923077,0.076923077,0.692307692,0.307692308,5,0.555555556,F
mzchocolatethyz,0,0.344827586,0.172413793,0.206896552,0.034482759,0,0.137931034,0.103448276,0.482758621,0.517241379,6,3.873263889,F
momoIisaa,0,0.266666667,0,0.6,0,0,0,0.133333333,0.733333333,0.266666667,3,0.84,F
LivGoesRogue,0,0.35,0.15,0.35,0,0,0.1,0.05,0.5,0.5,5,3.36,F
yani_eee,0,0.4,0,0.4,0,0,0.2,0,0.6,0.4,3,2.816326531,F
DENALIThaBody,0,0.344827586,0.172413793,0.206896552,0.034482759,0,0.137931034,0.103448276,0.482758621,0.517241379,6,3.873263889,F
byungwooed,0,0.083333333,0.083333333,0.5,0,0,0.166666667,0.166666667,0.833333333,0.166666667,5,3,F
alexandria_rayy,0,0.071428571,0.142857143,0.5,0.071428571,0,0.071428571,0.142857143,0.769230769,0.230769231,6,3.338842975,F
VanduK9,0.027777778,0.138888889,0,0.5,0,0,0.083333333,0.25,0.833333333,0.166666667,5,5.90926276,F
Ekkuu1,0,0.229166667,0.15625,0.552083333,0.020833333,0,0.020833333,0.020833333,0.614583333,0.385416667,6,1.53583169,F
learner1712,0,0.234375,0.203125,0.375,0,0,0.03125,0.15625,0.5625,0.4375,5,3.40433925,F
bhandari_deepti,0.024691358,0.12345679,0.111111111,0.49382716,0.061728395,0,0.074074074,0.111111111,0.743902439,0.256097561,7,2.999183673,F
kateAliza1,0.037037037,0.296296296,0.148148148,0.407407407,0,0,0.111111111,0,0.518518519,0.481481481,5,2.4275,F
shrutea1,0.052631579,0.228070175,0.228070175,0.350877193,0.01754386,0,0.035087719,0.087719298,0.49122807,0.50877193,7,3.121630506,F
enchantcaptures,0,0.098540146,0.244525547,0.394160584,0.197080292,0,0.02919708,0.03649635,0.656934307,0.343065693,6,1.179795918,F
enchantcaptures,0,0.098540146,0.244525547,0.394160584,0.197080292,0,0.02919708,0.03649635,0.656934307,0.343065693,6,1.179795918,F
pooja3000rdj,0,0.222222222,0.098765432,0.481481481,0.049382716,0.012345679,0.049382716,0.086419753,0.666666667,0.333333333,7,2.663580247,F
wajiha_salman,0.032894737,0.348684211,0.118421053,0.151315789,0.006578947,0.032894737,0.131578947,0.177631579,0.470588235,0.529411765,8,5.458085612,F
Ninja_InPyjama,0,0.295918367,0.153061224,0.408163265,0.010204082,0.051020408,0.020408163,0.06122449,0.5,0.5,7,2.372873346,F
ananyapanday6,0,0.1875,0,0.4375,0.0625,0,0.125,0.1875,0.8125,0.1875,5,3.222222222,F
Mausam60204689,0.045454545,0.333333333,0.090909091,0.378787879,0,0.015151515,0.060606061,0.075757576,0.515151515,0.484848485,7,2.199183673,F
MissEffedUp,0,0.326923077,0.211538462,0.25,0.019230769,0.038461538,0.134615385,0.019230769,0.423076923,0.576923077,7,2.341820988,F
quiet_quist,0.012658228,0.126582278,0.253164557,0.392405063,0.025316456,0,0.037974684,0.151898734,0.625,0.375,7,3.5876,F
AaartiDawar,0.013157895,0.25,0.092105263,0.289473684,0.006578947,0,0.177631579,0.171052632,0.641025641,0.358974359,7,4.970578512,F
HashTagFirullah,0.008403361,0.142857143,0.117647059,0.504201681,0.016806723,0,0.050420168,0.159663866,0.737288136,0.262711864,7,3.18194707,F
saandhux,0.025641026,0.205128205,0.051282051,0.358974359,0,0.025641026,0.153846154,0.179487179,0.692307692,0.307692308,7,4.677640604,F
RJSadiaSattar_,0.010638298,0.308510638,0.191489362,0.287234043,0,0.053191489,0.063829787,0.085106383,0.436170213,0.563829787,7,4.175925926,F
lalit_kmishra,0.032258065,0.193548387,0.112903226,0.322580645,0.048387097,0,0.177419355,0.112903226,0.661290323,0.338709677,7,4.632956573,F
shiksanat,0,0.285714286,0.285714286,0.428571429,0,0,0,0,0.428571429,0.571428571,3,0.666666667,F
RJSadiaSattar_,0.010638298,0.308510638,0.191489362,0.287234043,0,0.053191489,0.063829787,0.085106383,0.436170213,0.563829787,7,4.175925926,F
_Sonali_J,0.047619048,0.238095238,0.19047619,0.333333333,0,0,0.142857143,0.047619048,0.523809524,0.476190476,6,2.025510204,F
RadhaMuniya,0,0.84375,0,0.125,0,0,0,0.03125,0.15625,0.84375,3,1.43359375,F
sakshijoshii,0,0.303921569,0.215686275,0.245098039,0.009803922,0.019607843,0.058823529,0.147058824,0.460784314,0.539215686,7,4.3396,F
Meenakshiankit,0,0.358490566,0.169811321,0.301886792,0.018867925,0.018867925,0.094339623,0.037735849,0.452830189,0.547169811,7,2.718192628,F
Priyaohpriya,0.016949153,0.254237288,0.220338983,0.372881356,0,0.016949153,0,0.118644068,0.491525424,0.508474576,6,3.390838786,F
Renata08058390,0,0.048780488,0.379790941,0.37630662,0,0.003484321,0.181184669,0.010452962,0.567944251,0.432055749,6,0.249966971,F
FicklePriya,0.025316456,0.17721519,0.139240506,0.430379747,0.025316456,0.012658228,0.075949367,0.113924051,0.64556962,0.35443038,8,2.972222222,F
NandiniiR,0,0.25,0.090909091,0.363636364,0,0.113636364,0.090909091,0.090909091,0.545454545,0.454545455,6,2.65234375,F
mehravarr,0.017241379,0.310344828,0.086206897,0.396551724,0.034482759,0.051724138,0.068965517,0.034482759,0.526315789,0.473684211,8,2.674740484,F
enchantcaptures,0,0.098901099,0.256410256,0.366300366,0.205128205,0.007326007,0.029304029,0.036630037,0.637362637,0.362637363,7,1.180718111,F
lorrytcb,0,0.333333333,0.2,0.3,0.033333333,0,0.033333333,0.1,0.466666667,0.533333333,6,4.059171598,F
enchantcaptures,0,0.098901099,0.256410256,0.366300366,0.205128205,0.007326007,0.029304029,0.036630037,0.637362637,0.362637363,7,1.180718111,F
i_am_karuna,0.036789298,0.321070234,0.130434783,0.200668896,0.013377926,0.036789298,0.127090301,0.133779264,0.471571906,0.528428094,8,4.78798127,F
GMAANI,0.014492754,0.362318841,0.086956522,0.304347826,0.086956522,0.057971014,0.057971014,0.028985507,0.47826087,0.52173913,8,2.718024691,F
sweets_desire,0.011904762,0.154761905,0.261904762,0.416666667,0.035714286,0.023809524,0.047619048,0.047619048,0.547619048,0.452380952,8,1.296917253,F
penaazlall,0.012658228,0.303797468,0.113924051,0.329113924,0.050632911,0.025316456,0.101265823,0.063291139,0.538461538,0.461538462,8,2.966047986,F
Peenaz_NN,0.024390244,0.341463415,0.243902439,0.317073171,0,0,0.024390244,0.048780488,0.390243902,0.609756098,6,2.1,F
quiet_quist,0.013157895,0.131578947,0.263157895,0.381578947,0.026315789,0,0.039473684,0.144736842,0.605263158,0.394736842,7,3.660141608,F
kaysekarar,0.012195122,0.207317073,0.170731707,0.475609756,0.012195122,0,0.06097561,0.06097561,0.609756098,0.390243902,7,2.694280079,F
AayatKh42331038,0,0.168831169,0.181818182,0.467532468,0.012987013,0.012987013,0.012987013,0.142857143,0.636363636,0.363636364,7,3.892258941,F
jalebibehen,0.012987013,0.38961039,0.207792208,0.311688312,0.012987013,0.012987013,0.012987013,0.038961039,0.376623377,0.623376623,8,1.7971933,F
jicwuu,0.022222222,0.266666667,0.211111111,0.233333333,0,0,0.066666667,0.2,0.5,0.5,6,6.055268595,F
rappxer,0,0.461538462,0.307692308,0.153846154,0,0.076923077,0,0,0.153846154,0.846153846,4,1.654320988,F
le_bigtimerush,0.034090909,0.215909091,0.215909091,0.363636364,0.022727273,0,0.045454545,0.102272727,0.534090909,0.465909091,7,4.00617284,F
Anjali_Keshri_,0.016528926,0.32231405,0.173553719,0.338842975,0.008264463,0.016528926,0.041322314,0.082644628,0.47107438,0.52892562,8,2.461652794,F
deepalikhadye,0.019607843,0.254901961,0.147058824,0.323529412,0.009803922,0.009803922,0.049019608,0.18627451,0.568627451,0.431372549,8,4.102308737,F
gulabiglares,0.026548673,0.14159292,0.194690265,0.451327434,0.07079646,0.008849558,0.026548673,0.079646018,0.628318584,0.371681416,8,2.910819375,F
SurochitaDutta,0,0.140350877,0.122807018,0.473684211,0.01754386,0,0.122807018,0.122807018,0.736842105,0.263157895,6,3.849525201,F
singhprerna,0,0.25,0.071428571,0.607142857,0,0,0.071428571,0,0.678571429,0.321428571,4,0.74,F
swati311841,0,0.285714286,0.142857143,0.357142857,0.035714286,0.035714286,0.071428571,0.071428571,0.535714286,0.464285714,7,3.316115702,F
minscosmos,0.064220183,0.165137615,0.165137615,0.23853211,0.009174312,0.027522936,0.146788991,0.183486239,0.577981651,0.422018349,8,5.352040816,F
yettoexplore,0,0.333333333,0.260416667,0.270833333,0.020833333,0,0.0625,0.052083333,0.40625,0.59375,6,2.081285444,F
Anji17_,0.008403361,0.176470588,0.109243697,0.487394958,0.025210084,0,0.075630252,0.117647059,0.705882353,0.294117647,7,2.361570248,F
firuzap,0,0.178571429,0.178571429,0.392857143,0,0.035714286,0.035714286,0.178571429,0.607142857,0.392857143,6,4.2268431,F
Potterhead_Aish,0,0.266666667,0.186666667,0.266666667,0.04,0.026666667,0.12,0.093333333,0.52,0.48,7,4.118480726,F
KomalVT,0.03,0.25,0.23,0.32,0.02,0.03,0.06,0.06,0.464646465,0.535353535,8,1.672098765,F
KiranHunjan_,0,0.325,0.025,0.425,0.025,0,0.05,0.15,0.65,0.35,6,3.871056241,F
mm_butt,0.009345794,0.336448598,0.112149533,0.38317757,0.009345794,0,0.056074766,0.093457944,0.542056075,0.457943925,7,1.81,F
AmbivertForever,0.043478261,0.260869565,0.260869565,0.391304348,0,0,0,0.043478261,0.434782609,0.565217391,5,2.01,F
khan_fareeha,0,0.285714286,0.214285714,0.285714286,0,0.017857143,0.071428571,0.125,0.482142857,0.517857143,6,4.076923077,F
RimuJha,0.009259259,0.083333333,0.074074074,0.712962963,0.027777778,0.018518519,0.027777778,0.046296296,0.814814815,0.185185185,8,0.7476,F
KashmiJyoti,0.016393443,0.262295082,0.114754098,0.459016393,0.016393443,0.016393443,0.032786885,0.081967213,0.590163934,0.409836066,8,2.807093426,F
404mav,0,0.183908046,0.103448276,0.471264368,0.022988506,0,0.08045977,0.137931034,0.709302326,0.290697674,6,3.442043896,F
F_khan16,0,0.19047619,0.222222222,0.301587302,0.015873016,0.079365079,0.079365079,0.111111111,0.507936508,0.492063492,7,4.471111111,F
ShaikhHaaniya,0.047619048,0.285714286,0.095238095,0.476190476,0.047619048,0,0,0.047619048,0.571428571,0.428571429,6,2.444444444,F
70mojo,0,0.111111111,0,0.555555556,0,0,0.166666667,0.166666667,0.888888889,0.111111111,4,0,F
missparanomasia,0,0.294117647,0.235294118,0.329411765,0.023529412,0.011764706,0.011764706,0.094117647,0.458823529,0.541176471,7,3.15926276,F
firuzap,0,0.228571429,0.142857143,0.371428571,0,0,0.085714286,0.171428571,0.628571429,0.371428571,5,4.6275,F
KapilianPooja,0.038461538,0.384615385,0.230769231,0.192307692,0.038461538,0.038461538,0.076923077,0,0.307692308,0.692307692,7,2.0861678,F
SyedaNaqviPK,0,0.604651163,0,0.139534884,0,0,0,0.255813953,0.395348837,0.604651163,3,7.384615385,F
neetuscooking,0.004761905,0.138095238,0.10952381,0.666666667,0.004761905,0,0.019047619,0.057142857,0.747619048,0.252380952,7,2.544671072,F
ena_logical,0.016666667,0.216666667,0.366666667,0.333333333,0,0.033333333,0.016666667,0.016666667,0.366666667,0.633333333,7,1.93441358,F
Zebaqureshisk,0.012820513,0.230769231,0.192307692,0.397435897,0.025641026,0,0.076923077,0.064102564,0.564102564,0.435897436,7,2.818115413,F
deerao,0.013157895,0.190789474,0.131578947,0.342105263,0.013157895,0.013157895,0.078947368,0.217105263,0.651315789,0.348684211,8,4.76303155,F
SudrishK,0,0.5,0,0,0,0,0.5,0,0.5,0.5,2,6.25,F
fizafatima08,0.2,0,0.2,0.4,0.2,0,0,0,0.6,0.4,4,1.84,F
IamSinghaniya,0,0.272727273,0.090909091,0.454545455,0,0.090909091,0,0.090909091,0.545454545,0.454545455,5,0.888888889,F
quiet_quist,0,0,0.2,0.6,0,0,0,0.2,0.8,0.2,3,3,F
MohtarmaG,0,0.416666667,0.25,0.166666667,0,0.083333333,0.083333333,0,0.25,0.75,5,0.555555556,F
Prernavgfan,0,0,0.272727273,0.454545455,0.090909091,0,0,0.181818182,0.727272727,0.272727273,4,0,F
tashuliaqat,0,0.5,0.5,0,0,0,0,0,0,1,2,0.25,F
SudrishK,0,0.5,0,0,0,0,0.5,0,0.5,0.5,2,6.25,F
Rs04878169,0.25,0.5,0.25,0,0,0,0,0,0,1,3,0.5,F
tea_naaa,0,0.166666667,0.5,0.166666667,0,0,0,0.166666667,0.333333333,0.666666667,4,6.25,F
FatimaB63471518,0,0,0,0.75,0,0,0,0.25,1,0,2,3,F
this_foodie,0.009615385,0.105769231,0.057692308,0.644230769,0,0.019230769,0.096153846,0.067307692,0.807692308,0.192307692,7,1.758034026,F
AlizaSukhera,0,0,0,0.5,0,0,0.166666667,0.333333333,1,0,3,3.472222222,F
RebecaM30503470,0.01369863,0.136986301,0.068493151,0.493150685,0.02739726,0.02739726,0.109589041,0.123287671,0.743243243,0.256756757,8,0.520710059,F
MaxCxbrera,0,0.571428571,0.142857143,0,0,0.285714286,0,0,0,1,3,2.4,F
softyjk,0,0.272727273,0.090909091,0.545454545,0,0,0.090909091,0,0.636363636,0.363636364,4,2.24691358,F
NoraBeeBee,0,0.083333333,0.039215686,0.818627451,0,0,0.049019608,0.009803922,0.87745098,0.12254902,5,0,F
CuteCrystaD,0,0.285714286,0.171428571,0.428571429,0.057142857,0,0,0.057142857,0.542857143,0.457142857,5,1.904320988,F
shayy_lc,0,0.490196078,0.137254902,0.215686275,0.019607843,0.098039216,0.019607843,0.019607843,0.274509804,0.725490196,7,3.156462585,F
nnrlynndlcrmn,0,0.166666667,0,0.833333333,0,0,0,0,0.833333333,0.166666667,2,0.75,F
craveable_lenci,0.033333333,0.3,0.233333333,0.333333333,0,0.033333333,0.033333333,0.033333333,0.4,0.6,7,2.698224852,F
LimbiaSonia,0.011363636,0.159090909,0.068181818,0.568181818,0.011363636,0,0.045454545,0.136363636,0.761363636,0.238636364,7,2.643598616,F
IrenesHomo,0,0.307692308,0,0.538461538,0,0.076923077,0,0.076923077,0.615384615,0.384615385,4,3.4375,F
LiseProenca,0.05,0.25,0.15,0.35,0,0,0.1,0.1,0.55,0.45,6,3.89,F
awynlalala,0,0,0,0,0,0,0,0,0,0,0,0,F
MonicaNashay,0,0.384615385,0.076923077,0.384615385,0,0,0,0.153846154,0.538461538,0.461538462,4,2.743055556,F
poornima77,0,0.366666667,0.066666667,0.266666667,0,0.1,0.166666667,0.033333333,0.466666667,0.533333333,6,4.181818182,F
BTSajumma2017,0,0.1,0,0.3,0.1,0.1,0.2,0.2,0.8,0.2,6,3.6875,F
blaqRaine,0,0.2,0.4,0.2,0,0,0,0.2,0.4,0.6,4,4.666666667,F
Dilly_Bub,0,0.375,0.25,0.3125,0,0,0.03125,0.03125,0.375,0.625,5,4.222222222,F
aalooinbiryani,0,0.666666667,0.166666667,0.166666667,0,0,0,0,0.166666667,0.833333333,3,0.6875,F
kat_thealien_,0,0.411764706,0.235294118,0.235294118,0,0,0,0.117647059,0.352941176,0.647058824,4,0.1875,F
abibamigboye,0,0.4,0.266666667,0.2,0,0,0.066666667,0.066666667,0.333333333,0.666666667,5,2.016528926,F
J0Y2theworld,0,0.285714286,0.142857143,0.285714286,0.142857143,0,0,0.142857143,0.571428571,0.428571429,5,3.714285714,F
Xewhat,0,0.368421053,0.105263158,0.421052632,0,0,0.052631579,0.052631579,0.526315789,0.473684211,5,0.888888889,F
MaryElizaParker,0,0.6,0.4,0,0,0,0,0,0,1,2,0.222222222,F
RissaMarieeeee,0.047619048,0.238095238,0.19047619,0.333333333,0,0,0.095238095,0.095238095,0.523809524,0.476190476,6,5.111111111,F
TJennings5607,0,0.1875,0.1875,0.4375,0.0625,0,0,0.125,0.625,0.375,5,0.6875,F
_DejaaPee,0,0.428571429,0.142857143,0.285714286,0,0,0,0.142857143,0.428571429,0.571428571,4,3.959183673,F
DrWild85,0,0,0.285714286,0.571428571,0,0,0.142857143,0,0.714285714,0.285714286,3,0.25,F
fcfortune,0,0.333333333,0.333333333,0.166666667,0.166666667,0,0,0,0.333333333,0.666666667,4,1.25,F
FranWongWrites,0.125,0.208333333,0.083333333,0.520833333,0,0,0.020833333,0.041666667,0.595744681,0.404255319,6,1.522491349,F
GillCoates5,0,0.178571429,0.142857143,0.5,0.017857143,0.035714286,0.089285714,0.035714286,0.625,0.375,7,2.446280992,F
jennahoskinsOF,0.3125,0.375,0.0625,0.0625,0,0.0625,0,0.125,0.1875,0.8125,6,3.943877551,F
Shajan_SMM,0,0.4,0.2,0,0,0,0,0.4,0.4,0.6,3,7.84,F
dreamonluly,0,0.277777778,0.055555556,0.5,0,0.055555556,0.055555556,0.055555556,0.611111111,0.388888889,6,4.8,F
mamabekind_lisa,0.029411765,0.117647059,0.294117647,0.382352941,0.029411765,0,0.029411765,0.117647059,0.558823529,0.441176471,7,2.807256236,F
RasnaSekhon,0.040540541,0.297297297,0.135135135,0.391891892,0.013513514,0.013513514,0.067567568,0.040540541,0.513513514,0.486486486,8,2.613636364,F
introvertmilky,0,0.125,0.3125,0.1875,0,0.0625,0.125,0.1875,0.5,0.5,6,5.50617284,F
mogomorton,0,0.25,0.125,0.375,0,0,0.25,0,0.625,0.375,4,2.25,F
Raceangel64,0.083333333,0.25,0.083333333,0.416666667,0.083333333,0,0.083333333,0,0.583333333,0.416666667,6,1.36,F
Amytjie2,0,0.130434783,0.260869565,0.369565217,0.043478261,0.02173913,0.043478261,0.130434783,0.565217391,0.434782609,7,3.514739229,F
grlgermss,0,0.5,0.25,0.25,0,0,0,0,0.25,0.75,3,0,F
Always_Magica,0,0.166666667,0.041666667,0.333333333,0,0,0.208333333,0.25,0.791666667,0.208333333,5,4.909722222,F
Rrrrnessa,0.052631579,0.421052632,0.105263158,0.421052632,0,0,0,0,0.421052632,0.578947368,4,0.8,F
marieb811,0,0.111111111,0.111111111,0.666666667,0,0,0,0.111111111,0.777777778,0.222222222,4,2.583333333,F
pizzzaaaalover,0,0.411764706,0.176470588,0.235294118,0,0.058823529,0.058823529,0.058823529,0.352941176,0.647058824,6,3.25,F
ADvshOfMe,0,0.259259259,0.296296296,0.333333333,0,0.074074074,0.037037037,0,0.37037037,0.62962963,5,2.024691358,F
Arysubias99,0,0.5,0.5,0,0,0,0,0,0,1,2,0.25,F
ltladylou,0,0.285714286,0.214285714,0.285714286,0,0,0.071428571,0.142857143,0.5,0.5,5,3.551020408,F
slvrboysgogo,0,0.222222222,0.111111111,0.555555556,0,0,0,0.111111111,0.666666667,0.333333333,4,0.64,F
sivan_sardar,0,0.333333333,0.333333333,0.333333333,0,0,0,0,0.333333333,0.666666667,3,0.666666667,F
RebecaM30503470,0.01369863,0.136986301,0.068493151,0.493150685,0.02739726,0.02739726,0.109589041,0.123287671,0.743243243,0.256756757,8,0.520710059,F
nasrienkhamis,0,0.4,0.4,0.2,0,0,0,0,0.2,0.8,3,0.56,F
annwutsplann,0.027027027,0.378378378,0.216216216,0.108108108,0.027027027,0.108108108,0.081081081,0.054054054,0.27027027,0.72972973,8,4.248263889,F
Ngozika_NG,0,0.181818182,0.181818182,0.272727273,0,0,0.272727273,0.090909091,0.636363636,0.363636364,5,2.25,F
soberme1737,0,0.5,0.333333333,0.166666667,0,0,0,0,0.166666667,0.833333333,3,0.6875,F
bakilo,0,0.15,0.15,0.5,0,0,0.1,0.1,0.7,0.3,5,2.909722222,F
KellyGerrard4,0,0.2,0.4,0.4,0,0,0,0,0.4,0.6,3,0.25,F
Pvt_Zer0,0.041666667,0.416666667,0.166666667,0.208333333,0,0.083333333,0.083333333,0,0.291666667,0.708333333,6,0.678571429,F
SSWDani,0,0.230769231,0.115384615,0.461538462,0.076923077,0,0.076923077,0.038461538,0.653846154,0.346153846,6,3.555555556,F
Nargishlegalce1,0,0.413793103,0.137931034,0.068965517,0,0.172413793,0.103448276,0.103448276,0.275862069,0.724137931,6,4.059171598,F
is_salsu,0,0.1875,0.25,0.375,0,0,0,0.1875,0.5625,0.4375,4,4.775510204,F
jacckiefellix,0,0.148148148,0.296296296,0.333333333,0,0.037037037,0.148148148,0.037037037,0.518518519,0.481481481,6,4.41322314,F
KCTaz,0,0.333333333,0,0,0,0.333333333,0,0.333333333,0.333333333,0.666666667,3,6.222222222,F
KatieCartledge,0,0.071428571,0.142857143,0.642857143,0.071428571,0,0,0.071428571,0.785714286,0.214285714,5,3.04,F
R3y_Mia,0,0.25,0.25,0.1875,0,0.1875,0.0625,0.0625,0.3125,0.6875,6,2.545454545,F
MrsKarenEmery,0,0.163636364,0.072727273,0.563636364,0,0,0.018181818,0.181818182,0.763636364,0.236363636,5,2.570987654,F
WANDADEE1,0.012345679,0.37037037,0.148148148,0.320987654,0.049382716,0.012345679,0,0.086419753,0.456790123,0.543209877,7,2.484375,F
DaGoldenGoose,0,0.411764706,0.235294118,0.264705882,0,0.029411765,0.029411765,0.029411765,0.323529412,0.676470588,6,2.179930796,F
KukuNdabula,0,0.310344828,0.206896552,0.24137931,0.068965517,0.068965517,0,0.103448276,0.413793103,0.586206897,6,3.466666667,F
dnnstrd,0,0.222222222,0.444444444,0.222222222,0,0,0,0.111111111,0.333333333,0.666666667,4,2.913580247,F
saajida14,0.066666667,0.2,0.2,0.133333333,0,0,0.2,0.2,0.533333333,0.466666667,6,6.65,F
mcxstillo__,0,0.555555556,0.111111111,0.333333333,0,0,0,0,0.333333333,0.666666667,3,0.775510204,F
jangriff57,0,0,0,0,0,0,0,0,0,0,0,0,F
MUVAREBEL,0,0.428571429,0.214285714,0.142857143,0,0.142857143,0,0.071428571,0.214285714,0.785714286,5,1.836734694,F
FaithTwenty20,0,0.333333333,0.166666667,0.5,0,0,0,0,0.5,0.5,3,0.666666667,F
Fa_ilmi,0,0.333333333,0.333333333,0.333333333,0,0,0,0,0.333333333,0.666666667,3,0.56,F
VdaFashionista,0,0.068965517,0.045977011,0.712643678,0.045977011,0,0.022988506,0.103448276,0.885057471,0.114942529,6,0.408304498,F
BeproudLGBTQ22,0,0.243589744,0.256410256,0.282051282,0,0,0.076923077,0.141025641,0.5,0.5,5,3.5,F
CODYCRUNKKK,0,0.5,0.111111111,0.166666667,0,0.111111111,0.055555556,0.055555556,0.277777778,0.722222222,6,2.734375,F
wondykitten,0,0.185185185,0.111111111,0.62962963,0.074074074,0,0,0,0.703703704,0.296296296,4,0.691358025,F
Mz_Un4gettable,0,0.285714286,0.214285714,0.285714286,0,0.142857143,0,0.071428571,0.357142857,0.642857143,5,3.25443787,F
laddy_blinkz,0,0.322580645,0.290322581,0.290322581,0.032258065,0,0.032258065,0.032258065,0.387096774,0.612903226,6,0.666666667,F
Romaticize,0,0.5,0.214285714,0.142857143,0,0,0.071428571,0.071428571,0.285714286,0.714285714,5,8,F
coifishh,0,0.3,0.166666667,0.233333333,0,0,0.1,0.2,0.533333333,0.466666667,5,5.743055556,F
zaiibaee,0,0.222222222,0.333333333,0.111111111,0,0,0.111111111,0.222222222,0.444444444,0.555555556,5,4.916666667,F
si_lorna,0,0.24,0.12,0.4,0,0,0.12,0.12,0.64,0.36,5,4.355555556,F
RealNjeri,0,0.294117647,0.294117647,0.411764706,0,0,0,0,0.411764706,0.588235294,3,0.6875,F
xCluSiv3x13,0,0.166666667,0,0.666666667,0,0,0.166666667,0,0.833333333,0.166666667,3,0,F
iactuallydntgaf,0,0.411764706,0.058823529,0.470588235,0,0.058823529,0,0,0.470588235,0.529411765,4,0.979591837,F
fafreako,0,0.4,0.2,0.2,0,0,0,0.2,0.4,0.6,4,4.96,F
FieraBabyBoo__,0,0.5,0.5,0,0,0,0,0,0,1,2,0.25,F
melrafua,0.023809524,0.238095238,0.214285714,0.333333333,0.023809524,0,0.071428571,0.095238095,0.523809524,0.476190476,7,3.229591837,F
angelica_far,0.027777778,0.194444444,0.166666667,0.416666667,0.027777778,0,0,0.166666667,0.611111111,0.388888889,6,3.25,F
fifimoeng,0,0.2,0.2,0.4,0,0,0,0.2,0.6,0.4,4,4.16,F
wordsaretoxic,0,0.18,0.18,0.38,0,0,0.14,0.12,0.64,0.36,5,4.916323731,F
MiraLicous,0,0.25,0.3125,0.3125,0,0,0,0.125,0.4375,0.5625,4,2.61,F
PChinnagit,0,0.333333333,0.111111111,0.444444444,0,0,0.055555556,0.055555556,0.555555556,0.444444444,5,3.719008264,F
iitsmrym,0,0.25,0.1,0.4,0,0.2,0,0.05,0.45,0.55,5,1.786982249,F
JenLGilmour,0,0.423076923,0.076923077,0.346153846,0,0,0.115384615,0.038461538,0.518518519,0.481481481,5,1,F
Laurelllll_,0,0.533333333,0.2,0.133333333,0,0,0,0.133333333,0.266666667,0.733333333,4,5.75,F
sredford48,0.03030303,0.424242424,0.181818182,0.212121212,0,0.03030303,0.03030303,0.090909091,0.333333333,0.666666667,7,2.43359375,F
gianaxcapella,0,0.105263158,0.368421053,0.421052632,0,0,0.105263158,0,0.526315789,0.473684211,4,1.315555556,F
LookAtTheseJugs,0.071428571,0.357142857,0.142857143,0.214285714,0,0,0.142857143,0.071428571,0.428571429,0.571428571,6,5.6875,F
katelync21,0,0.2,0.1,0.4,0,0,0.1,0.2,0.7,0.3,5,6.222222222,F
elizabethwall32,0,0.151515152,0.121212121,0.575757576,0.03030303,0,0.060606061,0.060606061,0.727272727,0.272727273,6,2.49,F
SFCarvalho_edu,0.03125,0.3125,0.1875,0.3125,0,0,0,0.15625,0.46875,0.53125,5,2.56,F
gemmamarsh_art,0.058823529,0.235294118,0.294117647,0.323529412,0,0.058823529,0.029411765,0,0.363636364,0.636363636,6,0.693877551,F
Ticiaxo,0,0.428571429,0.142857143,0.214285714,0.071428571,0,0,0.142857143,0.428571429,0.571428571,5,3.580246914,F
thepettychicken,0.041666667,0.333333333,0.208333333,0.25,0.083333333,0,0.083333333,0,0.416666667,0.583333333,6,0.666666667,F
Geords1,0.018518519,0.296296296,0.111111111,0.296296296,0.037037037,0.074074074,0.074074074,0.092592593,0.5,0.5,8,4.24872449,F
dorisandfred,0,0.142857143,0.285714286,0.476190476,0.047619048,0,0.047619048,0,0.571428571,0.428571429,5,0.24,F
vassppiicc,0,0.45,0.15,0.15,0.1,0.05,0.05,0.05,0.380952381,0.619047619,7,2.805555556,F
teadee9,0,0.454545455,0.212121212,0.212121212,0,0,0.090909091,0.03030303,0.333333333,0.666666667,5,0.765432099,F
itsmekaris17,0,0.230769231,0.307692308,0.307692308,0,0,0,0.153846154,0.461538462,0.538461538,4,0.25,F
justxulrika,0,0.3,0.1,0.2,0.1,0,0.3,0,0.6,0.4,5,3.25,F
Mrs_Hdz,0,0.225806452,0.112903226,0.419354839,0.032258065,0,0.112903226,0.096774194,0.661290323,0.338709677,6,2.786703601,F
rattynem,0.071428571,0.410714286,0.160714286,0.178571429,0,0.017857143,0.053571429,0.107142857,0.339285714,0.660714286,7,5.640603567,F
Sara_Rose_G,0.058823529,0.294117647,0.235294118,0.235294118,0,0,0.058823529,0.117647059,0.411764706,0.588235294,6,4.222222222,F
KSemonne,0,0.272727273,0.272727273,0.272727273,0,0.090909091,0.090909091,0,0.363636364,0.636363636,5,2.234375,F
cejinly,0.0125,0.325,0.25,0.3,0,0,0.1,0.0125,0.4125,0.5875,6,2.467455621,F
Nic88888888,0.02173913,0.304347826,0.130434783,0.326086957,0.02173913,0.02173913,0,0.173913043,0.52173913,0.47826087,7,4.609375,F
HeartFeltHeeze,0.016949153,0.338983051,0.152542373,0.406779661,0.033898305,0,0.016949153,0.033898305,0.491525424,0.508474576,7,2.038781163,F
SheenaRoses93,0,0.375,0.25,0.1875,0,0,0.0625,0.125,0.375,0.625,5,4.320987654,F
i3x____,0,0.1,0.4,0.3,0,0.1,0,0.1,0.4,0.6,5,0.5,F
cudismontage,0,0.428571429,0,0.142857143,0,0.285714286,0,0.142857143,0.285714286,0.714285714,4,5.06122449,F
lyssssssaaaaaa_,0,0.25,0.375,0.0625,0.0625,0.0625,0,0.1875,0.3125,0.6875,6,4.68359375,F
Wilhelmarts,0,0.333333333,0.111111111,0.333333333,0,0.111111111,0,0.111111111,0.444444444,0.555555556,5,1,F
stephuriostegui,0,0.272727273,0.045454545,0.454545455,0,0.136363636,0,0.090909091,0.545454545,0.454545455,5,2.596938776,F
lalathegemini,0,0.222222222,0.333333333,0.333333333,0,0,0,0.111111111,0.444444444,0.555555556,4,3.666666667,F
alfisutton,0,0.25,0.25,0.5,0,0,0,0,0.5,0.5,3,0.666666667,F
jst_oblivious,0,0.5,0.25,0,0,0,0,0.25,0.25,0.75,3,0,F
ShawtyAey,0,0.25,0.5,0.25,0,0,0,0,0.25,0.75,3,0.5,F
ranoosh0217,0,0,0,0.6,0,0,0,0.4,1,0,2,4,F
UNHCRinSYRIA,0,0.333333333,0.060606061,0.257575758,0,0,0.181818182,0.166666667,0.606060606,0.393939394,5,5.053254438,F
sitiatiqh,0,0.28,0.2,0.32,0.08,0,0.08,0.04,0.52,0.48,6,1.96,F
_marcegodinezz,0,0.153846154,0.153846154,0.153846154,0,0,0.153846154,0.384615385,0.692307692,0.307692308,5,6.148760331,F
JSPHMRRS,0,0.181818182,0.045454545,0.545454545,0.045454545,0.045454545,0.045454545,0.090909091,0.727272727,0.272727273,7,3.96,M
gvccitom,0,0.5,0.125,0.25,0,0,0.125,0,0.375,0.625,4,2.6875,M
TheRealEwbank,0,0.357142857,0.142857143,0.357142857,0.071428571,0,0.071428571,0,0.428571429,0.571428571,5,2.247933884,M
Sandile_Elnino,0,0,0.246575342,0.753424658,0,0,0,0,0.753424658,0.246575342,2,0,M
IamFemiJoseph,0.052631579,0.315789474,0.105263158,0.157894737,0,0,0.105263158,0.263157895,0.526315789,0.473684211,6,6.444444444,M
tonie12327,0,0.333333333,0,0.666666667,0,0,0,0,0.666666667,0.333333333,2,0.9375,M
raymondjames825,0,0.120481928,0.084337349,0.518072289,0.036144578,0,0.048192771,0.192771084,0.795180723,0.204819277,6,3.506925208,M
CHOICXMS,0,0.166666667,0.166666667,0.5,0,0,0,0.166666667,0.666666667,0.333333333,4,3.472222222,M
brainchild007,0,0.344827586,0.172413793,0.206896552,0.034482759,0,0.137931034,0.103448276,0.482758621,0.517241379,6,3.873263889,M
SevenShepherd,0.018181818,0.236363636,0.036363636,0.236363636,0,0,0.090909091,0.381818182,0.709090909,0.290909091,6,6.126951093,M
JordanCyberpunk,0.052631579,0.157894737,0.052631579,0.684210526,0,0,0.052631579,0,0.736842105,0.263157895,5,0.64,M
Pretty0_oNick,0,0.344827586,0.172413793,0.206896552,0.034482759,0,0.137931034,0.103448276,0.482758621,0.517241379,6,3.873263889,M
tomhaIIand,0,0.5,0,0.5,0,0,0,0,0.5,0.5,2,1,M
farhatahir,0,0.666666667,0.066666667,0.166666667,0,0,0.033333333,0.066666667,0.266666667,0.733333333,5,0.354166667,M
realseanisgay,0,0.388888889,0.055555556,0.277777778,0,0.111111111,0.055555556,0.111111111,0.444444444,0.555555556,6,4.801020408,M
SimplySincere1,0,0.344827586,0.172413793,0.206896552,0.034482759,0,0.137931034,0.103448276,0.482758621,0.517241379,6,3.873263889,M
Toothdoc03,0,0.357142857,0.142857143,0.214285714,0.035714286,0,0.142857143,0.107142857,0.5,0.5,6,4,M
grantwmsbot,0,0.44,0.2,0.28,0,0.04,0,0.04,0.32,0.68,5,2.544378698,M
AmitChachu,0,0.052631579,0.315789474,0.578947368,0,0,0,0.052631579,0.631578947,0.368421053,4,1.439446367,M
boknowsfitness,0,0.090909091,0.045454545,0.636363636,0,0,0.090909091,0.136363636,0.863636364,0.136363636,5,1.4,M
codepo8,0.043478261,0.347826087,0.260869565,0.217391304,0.043478261,0.043478261,0.043478261,0,0.272727273,0.727272727,7,2.242214533,M
MsMvpule,0,0.166666667,0.166666667,0.5,0,0,0.166666667,0,0.666666667,0.333333333,4,2.333333333,M
cha1283,0,0,0,0.977272727,0,0,0,0.022727273,1,0,2,0,M
cloudyjungs,0,0.230769231,0.153846154,0.384615385,0,0,0.153846154,0.076923077,0.615384615,0.384615385,5,1,M
Reemzestilo,0,0,0,0.75,0,0,0.25,0,1,0,2,0,M
egomezrojas78,0,0,0,1,0,0,0,0,1,0,1,0,M
taelar_steele,0,0.046511628,0.093023256,0.534883721,0.023255814,0,0.186046512,0.11627907,0.860465116,0.139534884,6,3.384083045,M
Jonesey1014,0,0.25,0,0.583333333,0,0,0.083333333,0.083333333,0.75,0.25,4,2.56,M
tyforsalem,0,0.125,0.175,0.4,0,0,0.025,0.275,0.7,0.3,5,3.854875283,M
TheIanMMA,0,0.25,0.25,0.5,0,0,0,0,0.5,0.5,3,0.617283951,M
PatrickBelk405,0,0,0.111111111,0.666666667,0,0,0,0.222222222,0.888888889,0.111111111,3,0,M
Egreenejnr,0,0.413793103,0.172413793,0.172413793,0,0.172413793,0,0.068965517,0.24137931,0.75862069,5,4.555555556,M
BankrollAnt1,0.25,0.083333333,0.083333333,0.416666667,0,0,0.083333333,0.083333333,0.636363636,0.363636364,6,4.5,M
Samjadinero,0,0.166666667,0.083333333,0.5,0,0,0.166666667,0.083333333,0.75,0.25,5,3.728395062,M
John_AppIesmith,0,0.387755102,0.051020408,0.489795918,0,0.010204082,0.040816327,0.020408163,0.551020408,0.448979592,6,0.888888889,M
pepperorakii,0,0.272727273,0.136363636,0.363636364,0,0,0.090909091,0.136363636,0.590909091,0.409090909,5,4.16,M
HeavynDragon,0,0.1,0,0.5,0.1,0,0.3,0,0.9,0.1,4,4.222222222,M
Georgeikponmwo2,0.020833333,0.291666667,0.166666667,0.291666667,0.020833333,0,0.166666667,0.041666667,0.520833333,0.479166667,7,2.875,M
pjheim1212,0,0.214285714,0.214285714,0.357142857,0.071428571,0,0.142857143,0,0.538461538,0.461538462,5,1.96,M
skzstayland,0,0.222222222,0,0.444444444,0,0,0.111111111,0.222222222,0.777777778,0.222222222,4,5.387755102,M
baikie_emilia,0,0,0.333333333,0.666666667,0,0,0,0,0.666666667,0.333333333,2,0.25,M
isyaias,0,0.1,0.025,0.65,0,0.075,0.025,0.125,0.8,0.2,6,3.684210526,M
StrangeWangkig,0,0.263157895,0,0.473684211,0,0,0.157894737,0.105263158,0.736842105,0.263157895,4,4.138888889,M
Megsylicious,0,0.153846154,0.230769231,0.615384615,0,0,0,0,0.615384615,0.384615385,3,0.469135802,M
TravisGilby,0,0.181818182,0.090909091,0.454545455,0,0,0.272727273,0,0.727272727,0.272727273,4,2.987654321,M
EdwardHowey,0,0.565217391,0,0.347826087,0,0,0.086956522,0,0.434782609,0.565217391,3,2.066326531,M
Jaybigmitch,0,0.25,0.125,0.25,0.125,0,0,0.25,0.625,0.375,5,5,M
CCDSew,0,0.285714286,0.238095238,0.428571429,0,0,0,0.047619048,0.476190476,0.523809524,4,2.12109375,M
alvrzcml,0,0,0.428571429,0.571428571,0,0,0,0,0.571428571,0.428571429,2,0.24,M
ChessLyrics,0,0.396551724,0.189655172,0.224137931,0,0.017241379,0.068965517,0.103448276,0.396551724,0.603448276,6,4.394768133,M
_curiousme,0,0.142857143,0,0.857142857,0,0,0,0,0.857142857,0.142857143,2,0.489795918,M
del25_,0,0.193548387,0.129032258,0.516129032,0,0,0.129032258,0.032258065,0.677419355,0.322580645,5,3.053254438,M
PforPraveen,0,0.087719298,0.122807018,0.526315789,0.01754386,0,0.157894737,0.087719298,0.789473684,0.210526316,6,1.76,M
ItsRobbieAyit,0,0.2,0.1,0.2,0,0,0,0.5,0.7,0.3,4,6.75,M
iamsosad1243,0,0.25,0.125,0.375,0,0,0.125,0.125,0.625,0.375,5,4.555555556,M
liamgxllxgher,0,0.235294118,0.176470588,0.294117647,0.058823529,0,0.117647059,0.117647059,0.588235294,0.411764706,6,3.715976331,M
CHAINXDFORXVXR,0,0.294117647,0.117647059,0.235294118,0.058823529,0,0.058823529,0.235294118,0.588235294,0.411764706,6,6.36,M
RobertLoyal,0,0.5625,0.0625,0.375,0,0,0,0,0.375,0.625,3,0.888888889,M
johnfranciskea3,0.012987013,0.337662338,0.051948052,0.350649351,0.051948052,0.038961039,0.038961039,0.116883117,0.565789474,0.434210526,8,3.543252595,M
mrfairys,0,0.142857143,0.214285714,0.571428571,0.071428571,0,0,0,0.642857143,0.357142857,4,0.6875,M
ThirdBnMissinf,0,0,0,0,0,0,0,0,0,0,0,0,M
baptist_simon,0.129032258,0.387096774,0.064516129,0.258064516,0,0,0.032258065,0.129032258,0.448275862,0.551724138,6,4.739795918,M
beachsurf2,0,0.344827586,0.172413793,0.206896552,0.034482759,0,0.137931034,0.103448276,0.482758621,0.517241379,6,3.873263889,M
bloomingmellet,0,0.170731707,0.170731707,0.487804878,0.024390244,0,0,0.146341463,0.65,0.35,5,2.3,M
bryrca,0,0.3,0.1,0.45,0.05,0,0,0.1,0.6,0.4,5,2.222222222,M
Iamwarren13,0,0.222222222,0.333333333,0.333333333,0,0,0,0.111111111,0.444444444,0.555555556,4,3.666666667,M
itswwh,0,0.204545455,0.090909091,0.386363636,0.068181818,0.068181818,0.113636364,0.068181818,0.636363636,0.363636364,7,1.706666667,M
ASK_des,0,0.416666667,0,0.5,0,0,0.083333333,0,0.583333333,0.416666667,3,3.25,M
spy8823,0,0.333333333,0.166666667,0.233333333,0.033333333,0,0.133333333,0.1,0.5,0.5,6,3.7184,M
annarealdeal,0,0.25,0,0.5,0,0,0.083333333,0.166666667,0.75,0.25,4,0.888888889,M
WILDHUNIDZRADIO,0,0.311111111,0.155555556,0.288888889,0.022222222,0.044444444,0.088888889,0.088888889,0.488888889,0.511111111,7,2.912222222,M
BrisWavy,0,0.384615385,0.076923077,0.538461538,0,0,0,0,0.538461538,0.461538462,3,0.859375,M
OkayLines,0.058823529,0.235294118,0.235294118,0.352941176,0,0,0,0.117647059,0.470588235,0.529411765,5,3.688888889,M
pipatin09,0,0.166666667,0.083333333,0.583333333,0,0,0,0.166666667,0.75,0.25,4,2.609375,M
elijah_un,0,0,0,1,0,0,0,0,1,0,1,0,M
jampucchitoo,0,0.066666667,0.266666667,0.6,0,0,0.066666667,0,0.666666667,0.333333333,4,0.469135802,M
t0m4h4wks,0.018867925,0.245283019,0.188679245,0.320754717,0,0.018867925,0.075471698,0.132075472,0.528301887,0.471698113,7,4.520833333,M
Kanebeef,0,0.083333333,0.166666667,0.75,0,0,0,0,0.75,0.25,3,0,M
Dubya_Lurks,0,0.222222222,0.111111111,0.444444444,0,0,0.111111111,0.111111111,0.666666667,0.333333333,5,4.138888889,M
SHAAKIR_AASIM,0,0.344827586,0.172413793,0.206896552,0.034482759,0,0.137931034,0.103448276,0.482758621,0.517241379,6,3.873263889,M
CountdownAus,0,0.142857143,0.102040816,0.632653061,0.020408163,0,0.102040816,0,0.755102041,0.244897959,5,2.625,M
xiceclxwn,0,0,0,1,0,0,0,0,1,0,1,0,M
kandi11230354,0,0,0,0.333333333,0,0,0,0.666666667,1,0,2,3.555555556,M
selfcare_guy,0.037735849,0.226415094,0.245283019,0.301886792,0,0.056603774,0.075471698,0.056603774,0.452830189,0.547169811,7,3.368620038,M
moffilana,0.055555556,0.166666667,0.166666667,0.388888889,0,0,0.055555556,0.166666667,0.611111111,0.388888889,6,4.628099174,M
Skipper_Caven,0,0.4,0,0.4,0,0,0,0.2,0.6,0.4,3,4.8,M
iAMAqui,0,0.2,0.2,0.4,0.2,0,0,0,0.6,0.4,4,1.04,M
Rafay_Mahmood,0,0.285714286,0.214285714,0.285714286,0,0,0.071428571,0.142857143,0.5,0.5,5,3.472222222,M
LifeLimits,0.027027027,0.189189189,0.054054054,0.324324324,0,0,0.162162162,0.243243243,0.72972973,0.27027027,6,4.975069252,M
Yadavpk16,0,0,0,0.6,0.2,0,0.2,0,1,0,3,2,M
MichaelBluth3,0.08,0.24,0.12,0.44,0,0,0.08,0.04,0.56,0.44,6,2.934256055,M
lorenzocfede,0,0.333333333,0,0.333333333,0,0,0,0.333333333,0.666666667,0.333333333,3,1,M
OCT336,0,0.344827586,0.172413793,0.206896552,0.034482759,0,0.137931034,0.103448276,0.482758621,0.517241379,6,3.873263889,M
67Dodge,0,0.071428571,0,0.857142857,0.071428571,0,0,0,0.928571429,0.071428571,3,0.693877551,M
Roxii_Redd,0,0.357142857,0.142857143,0.214285714,0.035714286,0,0.142857143,0.107142857,0.5,0.5,6,4,M
geordiejs,0.029411765,0.323529412,0.176470588,0.382352941,0,0.029411765,0,0.058823529,0.441176471,0.558823529,6,2.958677686,M
dp0105,0,0.344827586,0.172413793,0.206896552,0.034482759,0,0.137931034,0.103448276,0.482758621,0.517241379,6,3.873263889,M
DinkoEror,0,0.083333333,0.041666667,0.708333333,0,0,0.083333333,0.083333333,0.875,0.125,5,0.109375,M
scatteredmindd,0,0.384615385,0.346153846,0.230769231,0,0.025641026,0.012820513,0,0.243589744,0.756410256,5,1.517146776,M
Arab_kid1,0,0.222222222,0.222222222,0.444444444,0.055555556,0,0,0.055555556,0.529411765,0.470588235,5,0.857142857,M
HarishRDewasi_,0.125,0,0,0.375,0,0,0,0.5,0.875,0.125,3,0,M
kakajpJNR,0,0,0.076923077,0.461538462,0.076923077,0,0.076923077,0.307692308,0.923076923,0.076923077,5,3.633136095,M
AdamLisney,0.125,0.125,0.0625,0.4375,0,0,0.125,0.125,0.6875,0.3125,6,6.979591837,M
LittleHeadBigH,0.03125,0.0625,0.125,0.59375,0,0,0.0625,0.125,0.787878788,0.212121212,6,2.155124654,M
1KingMeForeva,0,0.294117647,0.235294118,0.352941176,0,0.117647059,0,0,0.352941176,0.647058824,4,1.786982249,M
lthsfuck,0,0,0,0.833333333,0,0,0.166666667,0,1,0,2,0,M
OretoAnyo,0,0,0,0.5,0,0,0,0.5,1,0,2,4,M
Jimztho,0,0.333333333,0.148148148,0.296296296,0.037037037,0,0.148148148,0.037037037,0.518518519,0.481481481,6,3.138888889,M
MDE___,0,0.071428571,0.357142857,0.428571429,0.071428571,0,0.071428571,0,0.571428571,0.428571429,5,1.472222222,M
marojehca,0,0.454545455,0.272727273,0.181818182,0,0.090909091,0,0,0.181818182,0.818181818,4,0.6875,M
Mr100Nashville,0,0.277777778,0.111111111,0.444444444,0,0,0.111111111,0.055555556,0.611111111,0.388888889,5,2.639053254,M
iamrobc172,0,0.310344828,0.448275862,0.103448276,0,0,0.068965517,0.068965517,0.24137931,0.75862069,5,4.290657439,M
mxrcxsss,0,0,0,0.333333333,0,0,0,0.666666667,1,0,2,0,M
baytaminCEE,0,0.344827586,0.172413793,0.206896552,0.034482759,0,0.137931034,0.103448276,0.482758621,0.517241379,6,3.873263889,M
HollyWeb24,0,0.179487179,0.153846154,0.435897436,0.102564103,0,0.025641026,0.102564103,0.666666667,0.333333333,6,1.978395062,M
yeolait,0,0.142857143,0,0.642857143,0,0.071428571,0.142857143,0,0.785714286,0.214285714,4,1.984375,M
ANILES06,0,0.344827586,0.172413793,0.206896552,0.034482759,0,0.137931034,0.103448276,0.482758621,0.517241379,6,3.873263889,M
alcrazycouple,0,0.25,0,0.5,0,0,0.25,0,0.75,0.25,3,3.1875,M
FriendlyJohnnny,0,0.206896552,0.24137931,0.413793103,0.034482759,0.034482759,0.034482759,0.034482759,0.517241379,0.482758621,7,1.359375,M
pipatin09,0,0.166666667,0.083333333,0.583333333,0,0,0,0.166666667,0.75,0.25,4,2.609375,M
3h_live,0,0,0,0.833333333,0,0,0,0.166666667,1,0,2,0,M
Rhet01,0,0.344827586,0.172413793,0.206896552,0.034482759,0,0.137931034,0.103448276,0.482758621,0.517241379,6,3.873263889,M
sendyekaone,0.04,0.24,0.28,0.28,0.04,0,0.08,0.04,0.44,0.56,7,2.72107438,M
jjmarsha02,0,0.344827586,0.172413793,0.206896552,0.034482759,0,0.137931034,0.103448276,0.482758621,0.517241379,6,3.873263889,M
frumbum6,0,0,0,1,0,0,0,0,1,0,1,0,M
winter_jjk,0,0,0,0.833333333,0,0,0.166666667,0,1,0,2,0,M
anselluv,0,0.344827586,0.206896552,0.310344828,0.034482759,0.034482759,0.068965517,0,0.413793103,0.586206897,6,1.49,M
Zainula24364423,0,0,0,1,0,0,0,0,1,0,1,0,M
Foldedspace,0,0.058823529,0.176470588,0.588235294,0,0,0.058823529,0.117647059,0.764705882,0.235294118,5,2.247933884,M
bugandax,0,0.045454545,0.272727273,0.545454545,0,0,0.045454545,0.090909091,0.681818182,0.318181818,5,1.455621302,M
jmsrnld_,0,0,0,0.666666667,0,0,0,0.333333333,1,0,2,3.555555556,M
JudisFum,0,0.25,0.333333333,0.333333333,0,0,0,0.083333333,0.416666667,0.583333333,4,2.85,M
YawMintYM,0.022222222,0.111111111,0.088888889,0.533333333,0.022222222,0,0.088888889,0.133333333,0.765957447,0.234042553,7,2.62109375,M
fchs_softball,0,0.051282051,0.102564103,0.58974359,0.025641026,0,0.102564103,0.128205128,0.846153846,0.153846154,6,1.551020408,M
honkoclock,0,0.217391304,0.043478261,0.652173913,0.043478261,0,0.043478261,0,0.739130435,0.260869565,5,1.493333333,M
DJRAJJ_,0.037037037,0.518518519,0.111111111,0.259259259,0,0,0.037037037,0.037037037,0.333333333,0.666666667,6,2.56,M
kuuoteapp,0.016949153,0.186440678,0.322033898,0.305084746,0.016949153,0,0.050847458,0.101694915,0.474576271,0.525423729,7,1.984375,M
AnthonyGlees,0.111111111,0.333333333,0.037037037,0.407407407,0.074074074,0,0,0.037037037,0.518518519,0.481481481,6,2.888888889,M
minke_whales,0,0.215686275,0.176470588,0.470588235,0,0,0.098039216,0.039215686,0.607843137,0.392156863,5,2.34,M
djandrey256,0,0.285714286,0.142857143,0.142857143,0,0,0.428571429,0,0.571428571,0.428571429,4,6.25,M
tyboy1,0,0.344827586,0.172413793,0.206896552,0.034482759,0,0.137931034,0.103448276,0.482758621,0.517241379,6,3.873263889,M
__LickMyTATS,0,0.344827586,0.172413793,0.206896552,0.034482759,0,0.137931034,0.103448276,0.482758621,0.517241379,6,3.873263889,M
Nick_Munich,0,0.296296296,0.185185185,0.444444444,0.037037037,0,0,0.037037037,0.518518519,0.481481481,5,1.090909091,M
_bluepancakes,0,0.071428571,0.142857143,0.714285714,0,0,0,0.071428571,0.785714286,0.214285714,4,2.244897959,M
Cuntry_N_Tatted,0,0.344827586,0.172413793,0.206896552,0.034482759,0,0.137931034,0.103448276,0.482758621,0.517241379,6,3.873263889,M
andyhyde45,0,0.166666667,0.166666667,0.666666667,0,0,0,0,0.75,0.25,3,0,M
ErwinMadrigal_,0,0.111111111,0.333333333,0.444444444,0,0,0.111111111,0,0.555555556,0.444444444,4,0.24,M
IzzyKamikaze,0,0.166666667,0,0.5,0,0.333333333,0,0,0.5,0.5,3,0,M
GopiIyer4,0,0.244444444,0.133333333,0.422222222,0,0.044444444,0.111111111,0.044444444,0.577777778,0.422222222,6,2.290657439,M
hightopphresh,0,0.344827586,0.172413793,0.206896552,0.034482759,0,0.137931034,0.103448276,0.482758621,0.517241379,6,3.873263889,M
neocitytaeil,0,0.142857143,0,0.714285714,0,0,0.142857143,0,0.857142857,0.142857143,3,2.138888889,M
randomaccessme_,0.047619048,0,0.142857143,0.523809524,0.047619048,0,0.095238095,0.142857143,0.80952381,0.19047619,6,3.020833333,M
edvarner53,0.015151515,0.128787879,0.166666667,0.325757576,0,0,0.151515152,0.212121212,0.684210526,0.315789474,6,4.718192628,M
hellojoehere,0.047619048,0.19047619,0.142857143,0.285714286,0.047619048,0.047619048,0.047619048,0.19047619,0.571428571,0.428571429,8,4.4,M
ALoveForKnives,0,0.2,0.05,0.45,0,0.15,0.15,0,0.6,0.4,5,3.333333333,M
Channyx01,0,0.111111111,0.222222222,0.444444444,0,0,0.222222222,0,0.666666667,0.333333333,4,2.25,M
sacraficial,0,0.476190476,0.095238095,0.238095238,0.023809524,0.047619048,0.023809524,0.095238095,0.380952381,0.619047619,7,4.3125,M
Ieavethectiy,0,0.25,0.5,0.25,0,0,0,0,0.25,0.75,3,0.666666667,M
_DXNA,0,0.076923077,0.076923077,0.615384615,0,0,0.076923077,0.153846154,0.846153846,0.153846154,5,3.96,M
PabloShenka,0,0.2,0.285714286,0.342857143,0.028571429,0,0.114285714,0.028571429,0.514285714,0.485714286,6,2.577883472,M
deltadorito,0,0.2,0.2,0.4,0,0,0,0.2,0.6,0.4,4,4.16,M
SoobinAlmond,0,0.125,0.125,0.625,0,0,0,0.125,0.75,0.25,4,3.84,M
datblacboi,0,0,0,1,0,0,0,0,1,0,1,0,M
miniherrera11,0,0.333333333,0.333333333,0.333333333,0,0,0,0,0.333333333,0.666666667,3,0.6875,M
itsmekamanzi,0,0.233333333,0.033333333,0.466666667,0,0,0.033333333,0.233333333,0.733333333,0.266666667,5,4.603174603,M
ItsGoosse,0,0.303030303,0.151515152,0.242424242,0.060606061,0,0.121212121,0.121212121,0.545454545,0.454545455,6,4.1184,M
SUCKONURLOLLY,0,0.303030303,0.181818182,0.333333333,0.03030303,0,0.121212121,0.03030303,0.515151515,0.484848485,6,2.943310658,M
guiftar,0,0,0,1,0,0,0,0,1,0,1,0,M
Emizilazation,0,0.227272727,0.272727273,0.363636364,0,0,0.045454545,0.090909091,0.5,0.5,5,5.05785124,M
sandraabandraa,0,0.181818182,0.272727273,0.454545455,0,0,0.090909091,0,0.545454545,0.454545455,4,2.024691358,M
meechoo_chasing,0.05,0.15,0.3,0.3,0,0,0.05,0.15,0.5,0.5,6,4.361111111,M
robmd1981,0.045454545,0.227272727,0.272727273,0.363636364,0,0.045454545,0,0.045454545,0.409090909,0.590909091,6,1.25,M
pedrodilly1,0,0,0.5,0.5,0,0,0,0,0.5,0.5,2,0.25,M
PilkosPumpPants,0.047619048,0.476190476,0.047619048,0.333333333,0,0,0,0.095238095,0.428571429,0.571428571,5,2.728888889,M
AlanGParker1,0,0.1,0.1,0.7,0,0,0,0.1,0.8,0.2,4,0.64,M
berniewestacott,0,0.125,0.25,0.4375,0.0625,0,0.0625,0.0625,0.6,0.4,6,3.06122449,M
mimimimimilein,0,0.4,0.2,0.3,0,0,0,0.1,0.4,0.6,4,1,M
okan_nolove,0,0.285714286,0.285714286,0.428571429,0,0,0,0,0.428571429,0.571428571,3,0.805555556,M
Thermosity_,0,0.4,0.142857143,0.2,0.057142857,0.028571429,0.057142857,0.114285714,0.428571429,0.571428571,7,3.918367347,M
RangaBearGaming,0,0.2,0.133333333,0.333333333,0.066666667,0,0,0.266666667,0.666666667,0.333333333,5,4.775510204,M
Fox26Mike,0,0.159090909,0.204545455,0.545454545,0.022727273,0,0,0.068181818,0.636363636,0.363636364,5,3.24609375,M
2Skrap,0,0.25,0.25,0.5,0,0,0,0,0.5,0.5,3,0.64,M
tombot_ebooks,0,0.291666667,0.083333333,0.375,0,0,0.083333333,0.166666667,0.625,0.375,5,3.702422145,M
iandraper84,0,0.272727273,0.090909091,0.454545455,0,0,0.090909091,0.090909091,0.636363636,0.363636364,5,2.56,M
iXoTiKk,0,0.344827586,0.172413793,0.206896552,0.034482759,0,0.137931034,0.103448276,0.482758621,0.517241379,6,3.873263889,M
almostdaily89,0,0.25,0.25,0.5,0,0,0,0,0.5,0.5,3,0.666666667,M
kaaarl_keeerl,0,0,0.090909091,0.727272727,0,0,0,0.181818182,0.909090909,0.090909091,3,2.56,M
BernieLutchman,0.028169014,0.084507042,0.169014085,0.323943662,0,0,0.112676056,0.281690141,0.718309859,0.281690141,6,4.498269896,M
mahesh_134,0.054545455,0.181818182,0.2,0.418181818,0.018181818,0,0.054545455,0.072727273,0.574074074,0.425925926,7,3.4336,M
uebayashi_x,0,0,0,1,0,0,0,0,1,0,1,0,M
SeanKowalenko,0.041666667,0.166666667,0.083333333,0.541666667,0,0.041666667,0.041666667,0.083333333,0.666666667,0.333333333,7,0.691358025,M
smatt1616,0,0.84,0,0.08,0,0.08,0,0,0.08,0.92,3,2.56,M
franklyme9,0,0.291666667,0.125,0.416666667,0.041666667,0,0.041666667,0.083333333,0.583333333,0.416666667,6,0.75,M
batsy00,0,0.333333333,0,0.5,0.083333333,0,0.083333333,0,0.666666667,0.333333333,4,0.64,M
RohitYa08004714,0,0.387096774,0.064516129,0.483870968,0,0,0.032258065,0.032258065,0.548387097,0.451612903,5,1,M
ArvindK38556636,0,0.4375,0.375,0.1875,0,0,0,0,0.1875,0.8125,3,0.5625,M
KapilFansDelhi,0.363636364,0.070707071,0.050505051,0.383838384,0,0,0.02020202,0.111111111,0.515151515,0.484848485,6,4.781510347,M
arnab_2012,0,0.038461538,0.076923077,0.884615385,0,0,0,0,0.884615385,0.115384615,3,0.2144,M
Tahirrsayss,0.020833333,0.104166667,0.125,0.375,0.083333333,0,0.083333333,0.208333333,0.75,0.25,7,4.034438776,M
AnkitRaj6161,0.027272727,0.254545455,0.145454545,0.345454545,0.036363636,0.018181818,0.054545455,0.118181818,0.554545455,0.445454545,8,4.07760769,M
SANTOSH98348831,0,0.4,0.4,0.1,0,0,0,0.1,0.2,0.8,4,5.04,M
sdYVD3GGeEtBcSQ,0,0.098360656,0.081967213,0.819672131,0,0,0,0,0.819672131,0.180327869,3,0.397742542,M
ChaukidarF,0.016666667,0.333333333,0.283333333,0.266666667,0.016666667,0,0,0.083333333,0.366666667,0.633333333,6,2.632478632,M
SourabhJainIET,0.034482759,0.206896552,0.103448276,0.206896552,0.137931034,0.068965517,0,0.24137931,0.586206897,0.413793103,7,5.442176871,M
Nitish00010,0.00877193,0.236842105,0.087719298,0.307017544,0,0,0.228070175,0.131578947,0.666666667,0.333333333,6,4.6896,M
chintanzalani,0,0.229885057,0.149425287,0.448275862,0.022988506,0.011494253,0.045977011,0.091954023,0.609195402,0.390804598,7,3.514987245,M
RohanAr50890000,0,0.309278351,0.113402062,0.268041237,0,0.12371134,0.082474227,0.103092784,0.453608247,0.546391753,6,4.648888889,M
JungkookKiJaan,0.012345679,0.185185185,0.148148148,0.518518519,0.049382716,0,0.037037037,0.049382716,0.654320988,0.345679012,7,1.373961219,M
RajeshK33962327,0.035928144,0.461077844,0.125748503,0.149700599,0.005988024,0.023952096,0.065868263,0.131736527,0.359281437,0.640718563,8,5.670106962,M
omar_quraishi,0,0.353448276,0.103448276,0.25862069,0.00862069,0.00862069,0.120689655,0.146551724,0.534482759,0.465517241,7,5.502942508,M
FarazAliKhan01,0.025641026,0.307692308,0.128205128,0.290598291,0,0.008547009,0.111111111,0.128205128,0.52991453,0.47008547,7,3.990929705,M
RSibha,0.055555556,0.388888889,0.166666667,0.277777778,0.055555556,0,0.055555556,0,0.388888889,0.611111111,6,0.765432099,M
ReclaimTruth,0.019230769,0.326923077,0.105769231,0.269230769,0,0.057692308,0.086538462,0.134615385,0.490384615,0.509615385,7,3.939508507,M
princess_villa_,0.004587156,0.050458716,0.055045872,0.711009174,0.032110092,0.004587156,0.059633028,0.082568807,0.885321101,0.114678899,8,2.104272959,M
ShaffKohli,0.012048193,0.265060241,0.13253012,0.445783133,0.012048193,0,0.036144578,0.096385542,0.590361446,0.409638554,7,2.446745562,M
mubazoo7,0.081081081,0.27027027,0.108108108,0.405405405,0,0,0,0.135135135,0.540540541,0.459459459,5,3.984375,M
gulsehgal,0.010869565,0.152173913,0.086956522,0.510869565,0.010869565,0,0.043478261,0.184782609,0.75,0.25,7,3.474482249,M
ssak67,0.012048193,0.144578313,0.457831325,0.096385542,0,0.012048193,0.060240964,0.21686747,0.373493976,0.626506024,7,3.823144944,M
chadhashiva,0.028985507,0.31884058,0.115942029,0.376811594,0.007246377,0,0.094202899,0.057971014,0.536231884,0.463768116,7,3.465356513,M
laaameaf,0,0.212765957,0.191489362,0.404255319,0.085106383,0.021276596,0.042553191,0.042553191,0.574468085,0.425531915,7,2.253780408,M
invincible_vss,0.034482759,0.379310345,0.103448276,0.344827586,0,0,0.034482759,0.103448276,0.482758621,0.517241379,6,3.553875236,M
CuteHindu,0,0.32,0.12,0.24,0.04,0,0.04,0.24,0.56,0.44,6,5.702479339,M
SunilManoharP10,0,0.038461538,0.019230769,0.923076923,0,0,0.019230769,0,0.942307692,0.057692308,4,0.180172024,M
is_that_usama,0.022727273,0.295454545,0.113636364,0.295454545,0.045454545,0.022727273,0.113636364,0.090909091,0.545454545,0.454545455,8,4.143250689,M
ishan1106,0.025641026,0.320512821,0.115384615,0.358974359,0.025641026,0.012820513,0.064102564,0.076923077,0.525641026,0.474358974,8,3.374095989,M
TeeKay2902,0,0.255319149,0.14893617,0.382978723,0.063829787,0,0,0.14893617,0.604166667,0.395833333,5,4.7296,M
kartikunited11,0.024390244,0.329268293,0.146341463,0.365853659,0.012195122,0.012195122,0.012195122,0.097560976,0.487804878,0.512195122,8,3.378099174,M
ash000000007,0.05,0.216666667,0.066666667,0.55,0.016666667,0.008333333,0.058333333,0.033333333,0.669491525,0.330508475,8,3.416666667,M
pavitrasachdeva,0.008695652,0.226086957,0.139130435,0.365217391,0.034782609,0,0.095652174,0.130434783,0.626086957,0.373913043,7,4.233196159,M
imvarmani,0.056603774,0.339622642,0.188679245,0.226415094,0.018867925,0,0.075471698,0.094339623,0.41509434,0.58490566,7,3.157048941,M
rohukantt,0,0.1,0.077777778,0.588888889,0.133333333,0,0.011111111,0.088888889,0.822222222,0.177777778,6,1.870818916,M
ChowkidarSatye5,0.013513514,0.378378378,0.202702703,0.216216216,0.054054054,0,0,0.135135135,0.405405405,0.594594595,6,3.337256677,M
sarlashkar_,0,0.148148148,0.037037037,0.592592593,0,0,0.148148148,0.074074074,0.814814815,0.185185185,5,2.913580247,M
KapilUP19970242,0.040540541,0.351351351,0.148648649,0.256756757,0.013513514,0.013513514,0.108108108,0.067567568,0.445945946,0.554054054,8,3.9776,M
AhmadMa22617985,0,0,0.666666667,0,0,0,0,0.333333333,0.333333333,0.666666667,2,0,M
ChhutkiSonker,0,0.444444444,0.222222222,0.111111111,0.111111111,0,0.111111111,0,0.333333333,0.666666667,5,3.138888889,M
sixstringsmoon,0.011363636,0.056818182,0.340909091,0.545454545,0.011363636,0,0.022727273,0.011363636,0.590909091,0.409090909,7,0.367647059,M
YashSin86491179,0,0,0.5,0.5,0,0,0,0,0.5,0.5,2,0.25,M
buletbaba,0,0.230769231,0.153846154,0.384615385,0,0,0.076923077,0.153846154,0.615384615,0.384615385,5,3.89,M
AmjadHafeez19,0.024096386,0.228915663,0.228915663,0.240963855,0.036144578,0.024096386,0.144578313,0.072289157,0.5,0.5,8,4.42122449,M
KaamdarSharma,0.026315789,0.263157895,0.171052632,0.276315789,0.013157895,0,0.052631579,0.197368421,0.539473684,0.460526316,7,3.990929705,M
sleepyanimesh,0.008064516,0.330645161,0.217741935,0.266129032,0.016129032,0.016129032,0.040322581,0.10483871,0.427419355,0.572580645,8,3.561707036,M
panwar_krishan,0.014492754,0.144927536,0.217391304,0.434782609,0.014492754,0.014492754,0.057971014,0.101449275,0.608695652,0.391304348,8,2.580261593,M
Ayanpathan3776,0.090909091,0.272727273,0.090909091,0.454545455,0,0,0,0.090909091,0.545454545,0.454545455,5,3.580246914,M
Sujit047Kumar,0.008403361,0.302521008,0.176470588,0.344537815,0,0.008403361,0.033613445,0.12605042,0.504201681,0.495798319,7,3.142598461,M
fevocism,0.023255814,0.348837209,0.104651163,0.290697674,0.011627907,0.011627907,0.081395349,0.127906977,0.511627907,0.488372093,8,3.547114682,M
jayesh15sharma,0.083333333,0.194444444,0.097222222,0.361111111,0,0.069444444,0.125,0.069444444,0.555555556,0.444444444,7,4.276643991,M
digitalboys_,0.026315789,0.184210526,0.210526316,0.473684211,0.026315789,0.026315789,0.026315789,0.026315789,0.552631579,0.447368421,8,1.508916324,M
zainulabedeen_,0.153846154,0.307692308,0.076923077,0.230769231,0,0,0,0.230769231,0.461538462,0.538461538,5,6.331360947,M
MdMaswoodAlam7,0.031746032,0.206349206,0.111111111,0.349206349,0.015873016,0.015873016,0.111111111,0.158730159,0.634920635,0.365079365,8,3.748721695,M
bhatvicky73,0,0.136363636,0.454545455,0.363636364,0.015151515,0,0,0.03030303,0.409090909,0.590909091,5,1.366143862,M
imnazim,0,0.297297297,0.09009009,0.36036036,0.036036036,0,0.108108108,0.108108108,0.594594595,0.405405405,6,3.253308129,M
ananddave1995,0,0.230769231,0.205128205,0.435897436,0,0.025641026,0,0.102564103,0.538461538,0.461538462,5,2.5216,M
MuazamKh,0.028846154,0.355769231,0.067307692,0.336538462,0.009615385,0.009615385,0.048076923,0.144230769,0.538461538,0.461538462,8,4.775916704,M
im_ashish__,0,0.238095238,0.238095238,0.333333333,0,0.047619048,0.047619048,0.095238095,0.476190476,0.523809524,6,3.142857143,M
Vaishalishah23,0.007518797,0.368421053,0.323308271,0.210526316,0.030075188,0.015037594,0.007518797,0.037593985,0.285714286,0.714285714,8,1.675605536,M
Max_Harrison_,0.01754386,0.342105263,0.122807018,0.271929825,0.026315789,0.035087719,0.070175439,0.114035088,0.48245614,0.51754386,8,4.062655749,M
H_A_M_58,0,0.21875,0.40625,0.21875,0,0,0,0.15625,0.375,0.625,4,3.6875,M
FreeHaaa,0.028571429,0.314285714,0.185714286,0.285714286,0,0.014285714,0.028571429,0.142857143,0.457142857,0.542857143,7,4.606060606,M
Ft_Dino,0,0.207317073,0.109756098,0.426829268,0.012195122,0.036585366,0.06097561,0.146341463,0.634146341,0.365853659,7,3.890603567,M
mahtolia,0.06097561,0.170731707,0.12195122,0.414634146,0.012195122,0,0.073170732,0.146341463,0.654320988,0.345679012,7,4.546786389,M
abhishekamanjnu,0.042253521,0.366197183,0.232394366,0.225352113,0.007042254,0.049295775,0.014084507,0.063380282,0.314685315,0.685314685,8,3.238888889,M
BharatW28100050,0,0,0,1,0,0,0,0,1,0,1,0,M
aganurag,0,0.24137931,0.068965517,0.431034483,0.137931034,0.017241379,0.034482759,0.068965517,0.672413793,0.327586207,7,2.424603175,M
amitkapata,0.008264463,0.082644628,0.074380165,0.52892562,0.041322314,0,0.115702479,0.148760331,0.838709677,0.161290323,7,3.075599819,M
FeatBhai,0,0.263157895,0.210526316,0.403508772,0.035087719,0,0.052631579,0.035087719,0.526315789,0.473684211,6,2.000865052,M
iamhoneygrover,0.041420118,0.331360947,0.106508876,0.325443787,0,0.023668639,0.059171598,0.112426036,0.49704142,0.50295858,7,3.847100592,M
karan11su,0.025641026,0.371794872,0.153846154,0.243589744,0,0,0.102564103,0.102564103,0.448717949,0.551282051,6,3.901576317,M
InvisibleGuy77,0.036036036,0.234234234,0.171171171,0.234234234,0,0.054054054,0.144144144,0.126126126,0.509090909,0.490909091,7,4.297577855,M
lovesh_singhal,0.048611111,0.215277778,0.048611111,0.465277778,0.027777778,0.013888889,0.076388889,0.104166667,0.678321678,0.321678322,8,3.591836735,M
MalakciAysen,0,0.2,0.6,0.2,0,0,0,0,0.2,0.8,3,0.4,M
talesbytalz,0.004901961,0.279411765,0.068627451,0.367647059,0.014705882,0.009803922,0.053921569,0.200980392,0.637254902,0.362745098,8,4.37109375,M
Sadique1407,0.007692308,0.230769231,0.153846154,0.376923077,0.030769231,0.023076923,0.092307692,0.084615385,0.584615385,0.415384615,8,2.505555556,M
Pandeyize,0,0.1,0,0.5,0.05,0,0.25,0.1,0.9,0.1,5,3.603305785,M
Imrankhan6_1998,0,0.225806452,0.177419355,0.338709677,0.032258065,0,0.048387097,0.177419355,0.596774194,0.403225806,6,4.046400952,M
isbashahbaz4,0,0.260504202,0.327731092,0.235294118,0,0,0.084033613,0.092436975,0.411764706,0.588235294,5,3.121983471,M
being_adhiraj,0,0.309090909,0.145454545,0.236363636,0.018181818,0.036363636,0.072727273,0.181818182,0.509090909,0.490909091,7,4.432098765,M
Abhinavkabdwal1,0.04,0.42,0.36,0.12,0,0.04,0,0.02,0.142857143,0.857142857,6,2.316115702,M
Prakhar_Na_Raz,0,0.4,0.25,0.25,0,0.05,0.05,0,0.3,0.7,5,1.86,M
Hindology1,0.044534413,0.307692308,0.105263158,0.165991903,0.028340081,0.04048583,0.105263158,0.20242915,0.502024291,0.497975709,8,5.427319211,M
Surajpradhanji,0.068965517,0.172413793,0.068965517,0.586206897,0,0.034482759,0.034482759,0.034482759,0.655172414,0.344827586,7,3.71484375,M
kumarmanish9,0.023391813,0.391812865,0.175438596,0.245614035,0,0.023391813,0.070175439,0.070175439,0.385964912,0.614035088,7,3.880236686,M
TheLondres,0.006410256,0.307692308,0.224358974,0.192307692,0,0.038461538,0.076923077,0.153846154,0.423076923,0.576923077,7,4.809271857,M
ANUPAMANANDYAD7,0.010989011,0.505494505,0.450549451,0.021978022,0.010989011,0,0,0,0.032967033,0.967032967,5,0.318932488,M
seelro_altaf,0.045454545,0.318181818,0.272727273,0.136363636,0,0.045454545,0.136363636,0.045454545,0.318181818,0.681818182,7,3.958677686,M
saurabhkhan83,0.03030303,0.121212121,0.03030303,0.787878788,0,0,0.03030303,0,0.818181818,0.181818182,5,0.390011891,M
REYAZSHAIKH20,0.063492063,0.420634921,0.134920635,0.182539683,0.015873016,0.055555556,0.063492063,0.063492063,0.328,0.672,8,3.649227111,M
pras4net,0.065789474,0.342105263,0.118421053,0.131578947,0.013157895,0.013157895,0.092105263,0.223684211,0.460526316,0.539473684,8,6.231878698,M
GirishN42459847,0,0.24137931,0.103448276,0.275862069,0.103448276,0,0.172413793,0.103448276,0.655172414,0.344827586,6,4.899408284,M
naman_bhageria,0.052631579,0.347368421,0.157894737,0.294736842,0.031578947,0.021052632,0.052631579,0.042105263,0.425531915,0.574468085,8,2.614743857,M
Ashutos43026815,0,0,0.5,0.5,0,0,0,0,0.5,0.5,2,0.25,M
Adityap88482979,0.028301887,0.330188679,0.179245283,0.245283019,0.018867925,0.047169811,0.037735849,0.113207547,0.41509434,0.58490566,8,3.648543184,M
Vipultweets_,0.030769231,0.2,0.153846154,0.307692308,0.046153846,0.015384615,0.061538462,0.184615385,0.6,0.4,8,4.579591837,M
SunilKu11757099,0.006451613,0.55483871,0.303225806,0.109677419,0.006451613,0,0.012903226,0.006451613,0.134615385,0.865384615,7,1.439398011,M
emnickz420,0,0.257142857,0.114285714,0.485714286,0.028571429,0.057142857,0.028571429,0.028571429,0.571428571,0.428571429,7,2.24,M
Rasuissarcastic,0.039215686,0.31372549,0.235294118,0.37254902,0,0,0.039215686,0,0.411764706,0.588235294,5,1.45087236,M
VeerDager,0,0.5,0.333333333,0.166666667,0,0,0,0,0.166666667,0.833333333,3,0.555555556,M
Noorulhaq8147,0.017241379,0.224137931,0.172413793,0.310344828,0.103448276,0.017241379,0.051724138,0.103448276,0.568965517,0.431034483,8,3.380952381,M
sashayub,0.00877193,0.359649123,0.228070175,0.228070175,0.00877193,0.026315789,0.070175439,0.070175439,0.377192982,0.622807018,8,3.056325023,M
AreejIntesar,0.007751938,0.337209302,0.352713178,0.236434109,0.011627907,0,0.023255814,0.031007752,0.302325581,0.697674419,7,1.208791209,M
SunilSi36806769,0,0.610169492,0.13559322,0.118644068,0.084745763,0,0,0.050847458,0.254237288,0.745762712,5,2.360499703,M
f5f19ebe98bb445,0,0.3125,0.3125,0.375,0,0,0,0,0.375,0.625,3,0.666666667,M
jksharma5,0.024509804,0.308823529,0.12745098,0.348039216,0.019607843,0,0.068627451,0.102941176,0.539215686,0.460784314,7,3.5524,M
coolrishsingh,0.017699115,0.115044248,0.088495575,0.646017699,0,0.017699115,0.03539823,0.079646018,0.767857143,0.232142857,7,2.16,M
kapil_vinayak_,0,0.25,0.083333333,0.5,0.016666667,0,0.033333333,0.116666667,0.666666667,0.333333333,6,1.652892562,M
canis_veteris,0.016666667,0.366666667,0.1,0.35,0,0.05,0.05,0.066666667,0.466666667,0.533333333,7,2.79338843,M
RakeshKrAhuja,0.030674847,0.380368098,0.141104294,0.27607362,0.018404908,0.036809816,0.042944785,0.073619632,0.411042945,0.588957055,8,2.946051423,M
roshankumar0111,0,0.318181818,0.090909091,0.5,0,0,0,0.090909091,0.590909091,0.409090909,4,3.080932785,M
Geniusfitoor76,0.195121951,0.243902439,0.12195122,0.390243902,0,0,0,0.048780488,0.43902439,0.56097561,5,3.030273438,M
goswami_prakhar,0,0.454545455,0.090909091,0.363636364,0,0,0,0.090909091,0.454545455,0.545454545,4,3.05,M
SAHIL09S,0,0.426229508,0.278688525,0.229508197,0,0,0.049180328,0.016393443,0.295081967,0.704918033,5,1.885714286,M
sleepy_tinkerxx,0,0.109589041,0.095890411,0.465753425,0.02739726,0,0.068493151,0.232876712,0.794520548,0.205479452,6,4.899063476,M
GabbarSanghi,0.013071895,0.366013072,0.098039216,0.366013072,0.026143791,0.013071895,0.045751634,0.071895425,0.512987013,0.487012987,8,2.869500595,M
ananyapandayy,0.058479532,0.128654971,0.105263158,0.485380117,0.040935673,0,0.046783626,0.134502924,0.707602339,0.292397661,7,3.585510204,M
montenegro_emil,0.024193548,0.112903226,0.120967742,0.612903226,0,0.008064516,0.096774194,0.024193548,0.733870968,0.266129032,7,1.887408519,M
navketan_mishra,0.023255814,0.255813953,0.186046512,0.279069767,0.01744186,0.046511628,0.13372093,0.058139535,0.5,0.5,8,3.579660239,M
Smart_Ladka,0.0078125,0.2890625,0.3203125,0.2734375,0.015625,0.0390625,0.03125,0.0234375,0.348837209,0.651162791,8,1.823129252,M
Itz_Raj_Tweet,0,0.266666667,0.166666667,0.266666667,0.016666667,0,0.05,0.233333333,0.566666667,0.433333333,6,5.819855358,M
BaburQayoom,0,0.2,0.14,0.36,0.02,0,0.06,0.22,0.66,0.34,6,4.873469388,M
RajeshK82903248,0,0.428571429,0.285714286,0.142857143,0,0.142857143,0,0,0.142857143,0.857142857,4,1.836734694,M
Banjaara20,0,0.166666667,0.133333333,0.466666667,0.033333333,0,0.133333333,0.066666667,0.7,0.3,6,3.25,M
dil_to_paglet_h,0,0.24,0.08,0.24,0,0.16,0.24,0.04,0.52,0.48,6,3.674740484,M
aadee_ram,0.048387097,0.217741935,0.14516129,0.330645161,0.048387097,0.008064516,0.088709677,0.112903226,0.56557377,0.43442623,8,4.780612245,M
jaim007,0.011764706,0.447058824,0.152941176,0.258823529,0,0.011764706,0.035294118,0.082352941,0.38372093,0.61627907,7,3.79338843,M
riteshjoshi007,0.016853933,0.207865169,0.151685393,0.387640449,0.005617978,0.04494382,0.084269663,0.101123596,0.578651685,0.421348315,8,3.356666667,M
Bijendr02911252,0,0,0,0,0,0,0,0,0,0,0,0,M
SamBullArm,0.013157895,0.223684211,0.078947368,0.539473684,0.052631579,0,0.052631579,0.039473684,0.684210526,0.315789474,7,1.662698413,M
Abhay51883573,0.015625,0.171875,0.15625,0.453125,0.03125,0.015625,0.078125,0.078125,0.640625,0.359375,8,2.832342449,M
nikhilgarg18,0.013157895,0.184210526,0.052631579,0.394736842,0,0.013157895,0.105263158,0.236842105,0.736842105,0.263157895,7,5.431405896,M
Faizanbabar_,0,0.323076923,0.353846154,0.215384615,0.030769231,0,0.030769231,0.046153846,0.323076923,0.676923077,6,2.863905325,M
MynkSpeaks,0,0.346938776,0.142857143,0.265306122,0,0.020408163,0.081632653,0.142857143,0.489795918,0.510204082,6,5.484375,M
Gulshan1003,0,0.5,0,0,0,0,0.5,0,0.5,0.5,2,6.25,M
its_ap1,0.029411765,0.382352941,0.264705882,0.196078431,0,0.009803922,0.058823529,0.058823529,0.32038835,0.67961165,7,2.63648834,M
ujamwal,0.028708134,0.368421053,0.119617225,0.267942584,0.009569378,0.019138756,0.086124402,0.100478469,0.469194313,0.530805687,8,3.495547257,M
Sulemanalishek3,0,0.235294118,0.117647059,0.431372549,0,0.039215686,0.078431373,0.098039216,0.615384615,0.384615385,6,3.127991675,M
rahulthevillan,0,0.157142857,0.1,0.485714286,0.028571429,0,0.042857143,0.185714286,0.742857143,0.257142857,6,4.106575964,M
jamshedsahil,0.007462687,0.358208955,0.21641791,0.126865672,0,0.074626866,0.097014925,0.119402985,0.343283582,0.656716418,7,5.312040816,M
NasimRa91439038,0,0.333333333,0.166666667,0.416666667,0,0,0.083333333,0,0.5,0.5,4,0.857142857,M
dastanjannat,0.025,0.225,0.175,0.4125,0.0125,0.0375,0.0375,0.075,0.5375,0.4625,8,2.623263889,M
aneessary,0.020408163,0.244897959,0.06122449,0.387755102,0.040816327,0,0.081632653,0.163265306,0.673469388,0.326530612,7,4.173333333,M
ravibhatia2901,0.012578616,0.41509434,0.169811321,0.226415094,0,0.025157233,0.100628931,0.050314465,0.377358491,0.622641509,7,3.394557823,M
its_avigoyal,0,0.181818182,0.242424242,0.363636364,0.03030303,0,0.03030303,0.151515152,0.575757576,0.424242424,6,3.3125,M
praveenkrchadar,0,0.221374046,0.099236641,0.41221374,0.015267176,0,0.091603053,0.160305344,0.679389313,0.320610687,6,3.099139882,M
TFrantastic1,0.026086957,0.313043478,0.191304348,0.27826087,0.034782609,0.017391304,0.043478261,0.095652174,0.447368421,0.552631579,8,4.24,M
Nchengiz,0.040816327,0.285714286,0.142857143,0.387755102,0,0,0.06122449,0.081632653,0.530612245,0.469387755,6,3.890861275,M
Chandra27227269,0,0.133333333,0.266666667,0.466666667,0,0,0,0.133333333,0.6,0.4,4,4.775510204,M
SaurabhSingj,0,0.307692308,0.230769231,0.230769231,0.076923077,0,0.038461538,0.115384615,0.461538462,0.538461538,6,2.884297521,M
vikshi1311,0.018867925,0.330188679,0.122641509,0.273584906,0.037735849,0.009433962,0.066037736,0.141509434,0.518867925,0.481132075,8,5.580930411,M
naavin,0.010989011,0.32967033,0.10989011,0.274725275,0.043956044,0.010989011,0.087912088,0.131868132,0.538461538,0.461538462,8,4.50170068,M
manyadav93,0,0.111111111,0.333333333,0.444444444,0,0,0,0.111111111,0.555555556,0.444444444,4,2.543209877,M
Kailash59744328,0.016666667,0.266666667,0.233333333,0.416666667,0.016666667,0,0.016666667,0.033333333,0.483333333,0.516666667,7,1.46605581,M
DCNarrator,0.115702479,0.289256198,0.090909091,0.256198347,0.008264463,0.008264463,0.033057851,0.198347107,0.495867769,0.504132231,8,5.317708333,M
rameshshah1936,0.067357513,0.295336788,0.103626943,0.32642487,0.005181347,0.005181347,0.082901554,0.113989637,0.528497409,0.471502591,8,3.681841831,M
13_YADAV_13,0.038961039,0.207792208,0.142857143,0.402597403,0,0.012987013,0.051948052,0.142857143,0.605263158,0.394736842,7,3.807152558,M
SaurabhSingj,0,0.333333333,0.277777778,0.277777778,0.055555556,0,0,0.055555556,0.388888889,0.611111111,5,2.111111111,M
ChowkidarDhiru,0,0.2,0.6,0.2,0,0,0,0,0.2,0.8,3,0,M
being_shasha,0.057692308,0.365384615,0.076923077,0.307692308,0.019230769,0.115384615,0.019230769,0.038461538,0.384615385,0.615384615,8,2.2275,M
ashwatthama69,0,0.12244898,0.12244898,0.387755102,0.204081633,0.020408163,0.06122449,0.081632653,0.729166667,0.270833333,7,2.863905325,M
dogcongress,0.021276596,0.382978723,0.212765957,0.127659574,0.021276596,0,0.063829787,0.170212766,0.382978723,0.617021277,7,5.788347206,M
DrChandRana1,0.006024096,0.337349398,0.13253012,0.331325301,0.024096386,0.006024096,0.072289157,0.090361446,0.506024096,0.493975904,8,3.84856879,M
TiwariHaimanshu,0.041666667,0.229166667,0.104166667,0.333333333,0.083333333,0.020833333,0.0625,0.125,0.604166667,0.395833333,8,4.156956005,M
rcraina9,0.013157895,0.355263158,0.052631579,0.269736842,0,0.006578947,0.111842105,0.190789474,0.572368421,0.427631579,7,4.832222222,M
anusskmr,0,0.086206897,0.068965517,0.844827586,0,0,0,0,0.844827586,0.155172414,3,0.305454545,M
Vikas_Purush,0.035714286,0.339285714,0.107142857,0.285714286,0,0.017857143,0.053571429,0.160714286,0.5,0.5,7,4.604570637,M
MAan_gujjar11,0,0.264705882,0.235294118,0.147058824,0.029411765,0.088235294,0,0.235294118,0.411764706,0.588235294,6,4.257088847,M
hydbadshah,0,0.396226415,0.188679245,0.264150943,0,0.037735849,0.037735849,0.075471698,0.377358491,0.622641509,6,3.597633136,M
TheParamGulati,0.027972028,0.230769231,0.097902098,0.475524476,0.013986014,0.006993007,0.055944056,0.090909091,0.638888889,0.361111111,8,3.719338716,M
IamRajatOberoi,0,0.259259259,0.240740741,0.314814815,0.018518519,0.018518519,0.037037037,0.111111111,0.481481481,0.518518519,7,3.563533058,M
1sandeeppandey,0,0.484848485,0.121212121,0.272727273,0,0,0.060606061,0.060606061,0.393939394,0.606060606,5,2.272727273,M
prashant26893,0.023255814,0.837209302,0,0.093023256,0,0,0,0.046511628,0.139534884,0.860465116,4,1.999375,M
Palaaaaat,0.02173913,0.282608696,0.130434783,0.434782609,0.02173913,0.02173913,0.02173913,0.065217391,0.543478261,0.456521739,8,3.481789802,M
maverickoxymora,0.04109589,0.287671233,0.178082192,0.356164384,0,0.02739726,0.04109589,0.068493151,0.465753425,0.534246575,7,3.443950617,M
srinivas60222,0.007518797,0.263157895,0.187969925,0.338345865,0.022556391,0.007518797,0.060150376,0.112781955,0.533834586,0.466165414,8,3.574022776,M
Mr_Whappaaaa,0.038461538,0.423076923,0.365384615,0.038461538,0.019230769,0.038461538,0,0.076923077,0.134615385,0.865384615,7,1.678638941,M
jawadzz,0.003875969,0.310077519,0.263565891,0.248062016,0.003875969,0.003875969,0.031007752,0.135658915,0.418604651,0.581395349,8,2.984429066,M
oye_Abhi,0.030769231,0.215384615,0.246153846,0.246153846,0,0.015384615,0.092307692,0.153846154,0.492307692,0.507692308,7,5.330612245,M
mfgofficial1,0,0.019230769,0,0.961538462,0,0,0.019230769,0,0.980769231,0.019230769,3,0.083295609,M
LongAwaitedHero,0.026548673,0.353982301,0.115044248,0.336283186,0.008849558,0,0.061946903,0.097345133,0.504424779,0.495575221,7,2.444119795,M
mianmunawarahme,0,0.384615385,0.192307692,0.230769231,0,0.038461538,0.038461538,0.115384615,0.384615385,0.615384615,6,2.925619835,M
Tech_Masterr,0.011235955,0.247191011,0.157303371,0.370786517,0.011235955,0.033707865,0.033707865,0.134831461,0.544444444,0.455555556,8,4.131377551,M
urrehan,0.014084507,0.485915493,0.11971831,0.232394366,0.007042254,0.021126761,0.063380282,0.056338028,0.35915493,0.64084507,8,3.4836,M
ABDUL12531,0,0.244897959,0.183673469,0.510204082,0,0.020408163,0,0.040816327,0.551020408,0.448979592,5,1.677295918,M
AnilVER22053780,0,0.078431373,0.019607843,0.901960784,0,0,0,0,0.901960784,0.098039216,3,0.244897959,M
iTrueToo,0.018181818,0.318181818,0.154545455,0.263636364,0.018181818,0.036363636,0.081818182,0.109090909,0.472727273,0.527272727,8,3.567708333,M
man_wid_secrets,0.0078125,0.2421875,0.1640625,0.3515625,0.015625,0.0078125,0.125,0.0859375,0.57480315,0.42519685,8,3.904761905,M
TheRainPoet,0.012345679,0.271604938,0.049382716,0.395061728,0.037037037,0.037037037,0.086419753,0.111111111,0.62962963,0.37037037,8,3.567708333,M
nthejain,0.051724138,0.189655172,0.155172414,0.327586207,0,0.017241379,0.051724138,0.206896552,0.586206897,0.413793103,7,4.696051423,M
vishaljadon28,0.076923077,0.115384615,0.153846154,0.423076923,0.038461538,0,0.076923077,0.115384615,0.653846154,0.346153846,7,2.923469388,M
michael_at_work,0.023622047,0.409448819,0.165354331,0.275590551,0.007874016,0,0.047244094,0.070866142,0.40625,0.59375,7,3.3636,M
MANOJ58741522,0,0.064516129,0.064516129,0.838709677,0.032258065,0,0,0,0.870967742,0.129032258,4,0.338888889,M
ImHarsh_Y,0,0.317460317,0.19047619,0.158730159,0.015873016,0.031746032,0.126984127,0.158730159,0.46031746,0.53968254,7,4.968163265,M
sirfyou,0,0.363636364,0.127272727,0.327272727,0,0.018181818,0.018181818,0.145454545,0.490909091,0.509090909,6,3.391581633,M
bbhuria,0,0.476190476,0.023809524,0.5,0,0,0,0,0.5,0.5,3,0.208677686,M
rahee22jan,0,0.088235294,0.058823529,0.647058824,0,0.058823529,0,0.147058824,0.794117647,0.205882353,5,0.698224852,M
TalesByMarlon,0,0.198019802,0.059405941,0.534653465,0,0,0.079207921,0.128712871,0.745098039,0.254901961,5,2.719135802,M
madelykagun,0,0.285714286,0.142857143,0.285714286,0,0,0,0.285714286,0.571428571,0.428571429,4,4.16,M
himanshu_epcon,0,0.107142857,0.107142857,0.571428571,0,0,0.214285714,0,0.785714286,0.214285714,4,1.666666667,M
mr_m2a,0,0.368421053,0.157894737,0.315789474,0,0,0.157894737,0,0.473684211,0.526315789,4,2.020833333,M
99_das,0,0.5,0.5,0,0,0,0,0,0,1,2,0.25,M
showkat0007,0,0,0,1,0,0,0,0,1,0,1,0,M
AnandGu15121419,0,0.25,0,0.625,0,0,0,0.125,0.75,0.25,3,3,M
dilwalaguru,0.03125,0.125,0.125,0.40625,0.03125,0,0.125,0.15625,0.71875,0.28125,7,3.667590028,M
mpbhangale,0,0.333333333,0.333333333,0.111111111,0,0.222222222,0,0,0.125,0.875,4,2.1875,M
journomayank,0,0.666666667,0,0,0.166666667,0,0,0.166666667,0.333333333,0.666666667,3,0,M
RamneekK9,0,0.5,0.333333333,0.166666667,0,0,0,0,0.166666667,0.833333333,3,0.222222222,M
karanm97,0,0.545454545,0.090909091,0.363636364,0,0,0,0,0.363636364,0.636363636,3,1,M
_adil_khan__,0.057692308,0.326923077,0.057692308,0.211538462,0.019230769,0,0.173076923,0.153846154,0.557692308,0.442307692,7,5.409722222,M
Shubhamraodixit,0,0,0,0,0,0,0,0,0,0,0,0,M
beingtiger22,0,0.304347826,0.130434783,0.086956522,0.043478261,0,0.173913043,0.260869565,0.565217391,0.434782609,6,6.082644628,M
SimplyWazza,0,0.090909091,0.363636364,0.272727273,0,0.090909091,0.090909091,0.090909091,0.454545455,0.545454545,6,2.693877551,M
alcoholicharsh,0,0.266666667,0.266666667,0.333333333,0,0,0,0.133333333,0.466666667,0.533333333,4,3.1875,M
iamSid0,0,0,0,1,0,0,0,0,1,0,1,0,M
ajithphilip47,0,0.2,0.2,0,0,0,0,0.6,0.6,0.4,3,7.6875,M
sharif_shakalse,0,0,0,0,0,0,0,0,0,0,0,0,M
Falana_Dimka,0,0.25,0.25,0.375,0,0,0,0.125,0.5,0.5,4,4.16,M
imcaptainRO45,0.25,0,0,0.25,0,0,0,0.5,0.75,0.25,3,8.6875,M
HaiderJafri514,0,0.2,0.2,0.4,0,0,0,0.2,0.6,0.4,4,4.16,M
tweetlessss,0,0,0.5,0.5,0,0,0,0,0.5,0.5,2,0.25,M
MukulChatterje6,0.291666667,0.083333333,0.083333333,0.5,0,0,0,0.041666667,0.56,0.44,5,3.41,M
satyakam92,0,0,0,0,0,0,0,0,0,0,0,0,M
naalaYUCK,0.1,0.4,0.2,0.2,0,0,0,0.1,0.3,0.7,5,0.888888889,M
BeingGoodOne,0,0.09375,0.40625,0.5,0,0,0,0,0.5,0.5,3,0.231404959,M
TapanRo00507241,0,0.333333333,0,0.666666667,0,0,0,0,0.666666667,0.333333333,2,0.918367347,M
imikramkhan,0,0.103448276,0.068965517,0.655172414,0,0,0.172413793,0,0.827586207,0.172413793,4,1.265306122,M
imcaptainRO45,0.25,0,0,0.25,0,0,0,0.5,0.75,0.25,3,8.6875,M
mahamalikhan15,0.047619048,0.380952381,0.19047619,0.238095238,0.047619048,0,0.047619048,0.047619048,0.380952381,0.619047619,7,3.636363636,M
GeorgiaConsrv72,0,0.25,0,0,0,0.25,0.25,0.25,0.5,0.5,4,5.1875,M
Sailend62365499,0,0.142857143,0.107142857,0.75,0,0,0,0,0.75,0.25,3,0.537722908,M
UbaiR15,0,0.214285714,0,0.571428571,0,0,0.071428571,0.142857143,0.785714286,0.214285714,4,0.816326531,M
Raja_saab_,0.2,0.2,0.2,0.2,0,0,0,0.2,0.4,0.6,5,5.84,M
HassanR406,0,0,0,1,0,0,0,0,1,0,1,0,M
drscagarwal,0,0.647058824,0,0.176470588,0,0,0,0.176470588,0.352941176,0.647058824,3,0.4375,M
raimu456,0,0.285714286,0.114285714,0.514285714,0.028571429,0,0,0.057142857,0.611111111,0.388888889,5,3.234375,M
MnManishnarad,0,0.5,0,0,0,0,0,0.5,0.5,0.5,2,9,M
sagargiri102,0,0.117647059,0.117647059,0.588235294,0,0,0,0.176470588,0.764705882,0.235294118,4,3.555555556,M
TeeKay2902,0,0,0,0.5,0,0,0.5,0,1,0,2,2.25,M
humna55,0,0,0,0,0,0,0,1,1,0,1,0,M
photo_keeda,0,0.153846154,0,0.692307692,0.076923077,0,0,0.076923077,0.846153846,0.153846154,4,3.222222222,M
anusskmr,0,0.083333333,0.083333333,0.833333333,0,0,0,0,0.833333333,0.166666667,3,0.354166667,M
iamZoomie,0,0.6,0,0.4,0,0,0,0,0.4,0.6,2,0.96,M
kookielun,0,0.303030303,0.212121212,0.303030303,0,0.03030303,0.090909091,0.060606061,0.454545455,0.545454545,6,4,M
Charlesfrize,0,0.08,0.08,0.62,0.02,0.02,0.08,0.1,0.82,0.18,7,2.831597222,M
zicyd,0.027027027,0,0.081081081,0.675675676,0,0,0.081081081,0.135135135,0.891891892,0.108108108,5,3.555555556,M
mattchrismorr77,0,0.5,0,0.5,0,0,0,0,0.5,0.5,2,1,M
WGeorgeArnold,0.015384615,0.384615385,0.138461538,0.215384615,0.030769231,0.015384615,0.123076923,0.076923077,0.446153846,0.553846154,8,3.986282579,M
zachsolis,0,0.5,0.375,0.125,0,0,0,0,0.125,0.875,3,0,M
wabiisabiii,0,0.5,0.142857143,0.25,0,0.035714286,0.035714286,0.035714286,0.321428571,0.678571429,6,2.867768595,M
Jikster2009,0,0.2,0.133333333,0.666666667,0,0,0,0,0.666666667,0.333333333,3,0.12244898,M
Justin_james85,0,0.166666667,0.016666667,0.4,0.1,0,0.083333333,0.233333333,0.816666667,0.183333333,6,4.520661157,M
yax_a,0,0.571428571,0.285714286,0.071428571,0,0.071428571,0,0,0.071428571,0.928571429,4,0.24,M
Prince4abah,0,0.4,0.12,0.44,0,0,0.04,0,0.48,0.52,4,1.514739229,M
SnoweyFanrasha,0,0.12,0.08,0.28,0.04,0,0.24,0.24,0.8,0.2,6,3.1875,M
imNileshM,0,0.333333333,0.148148148,0.333333333,0,0,0.111111111,0.074074074,0.518518519,0.481481481,5,3.05785124,M
Charles_wilson_,0,0.041666667,0.166666667,0.375,0,0,0.291666667,0.125,0.791666667,0.208333333,5,3.777777778,M
